YAGO,Question,Wikidata,MusicBrainz,DBpedia,LinkedMDB,ID
"Universidad de Leipzig, Universidad de Mannheim",¿Quiénes son los desarrolladores de DBpedia?,,,"Universidad de Leipzig, Universidad de Mannheim",,212
,¿Quién es el alcalde de París?,Anne Hidalgo,,Anne Hidalgo,,265
,¿Qué discográfica grabó el primer album de Elvis?,Elvis Presley,,RCA Records,,130
"Born in the U.S.A., Born in the U.S.A. (cancion), Born in the U.S.A. (canción), Nebraska, Nebraska (album), Nebraska (álbum)",¿Enseñame todas las canciones de Bruce Springsteen que aparecieron entre 1980 y 1990.,Dancing in the Dark,,,,136
,Dame una lista de todos los trompeteros que fueron líderes de un grupo.,"Akio Okamoto, Al Hirt, Andy Dickens, Anna Mae Winburn, B. A. Rolfe, Barbara Donald, Barrie Lee Hall, Jr., Benny Carter, Bill Berry, Billie Rogers, Billy Eckstine, Billy May, Bob Astor, Bobby Bryant, Bobby Martin, Bobby Sherwood, Bola Johnson, Boy Edgar, Brian Jones, Buddy Bolden, Bunny Berigan, Burgess Gardner, Calvin Boze, Cat Anderson, Charlie Creath, Charlie Gaines, Charlie Spivak, Chico O'Farrill, Clark Terry, Claude Gordon, Clyde McCoy, Clyde Reasinger, Cootie Williams, Dan Terry, Dave Nelson, David Berger, Dean Hudson, Derrick Gardner, Dewey Jackson, Dizzy Gillespie, Doc Cheatham, Doc Severinsen, Dominick Farinacci, Don Albert, Don Ellis, Eddie Randle, Eddie Sauter, Edwin Franko Goldman, Ernest ""Doc"" Paulin, Erskine Hawkins, Freddy Randall, Frederik Köster, Gary Guthman, Gene ""Bowlegs"" Miller, Gerald Wilson, Gracie Cole, Guy Barker, Harry James, Henry Jerome, Herb Pomeroy, Herb Wiedoeft, Herbie Kay, Herbie Phillips, Humphrey Lyttelton, Ian Hamer, Irvin Mayfield, Ivan Jullien, Jack Walrath, Jake Porter, Jan Pavlis, Jeff Tyzik, Jerry van Rooyen, Jim Knapp, Jimmy Deuchar, Jimmy Wade, Joe Cabot, Joe King Oliver, Joe Morris, John Bayley, John Hubbard Beecher, Johnnie Davis, Johnny Dunn, Jordan McLean, Julio Cueva, Ken Colyer, Ken Hanna, Kenny Baker (trompetista), Kenny Ball, Kid Thomas Valentine, Klaas van Beeck, Klaus Lenz, Larry Clinton, Lee Castle, Leif Uvemark, Les Elgart, Lester Bowie, Lew Soloff, Lloyd Hunter, Louis Armstrong, Lu Watters, Manuel Pérez, Marlon Jordan, Matthias Schriefl, Maurice McAdow, Max Kaminsky, Mercer Ellington, Mick Collins, Mick Mulligan, Mike Cotton, Mike Mantler, Mike Vax, Miles Davis, Milt Larkin, Nat Gonella, Nicholas Payton, Nick LaRocca, Norman Mason, Oliver Todd, Ollie Mitchell, Ovie Alston, Papa Celestin, Paul Brody, Paul Mares, Peter Packay, Phil Collins, Phil Napoleon, Philipp Rellstab, Quincy Jones, Randy Brooks, Ray Anthony, Ray Davies, Raymond Harry Brown, Red Nichols, Red Perkins, Reuben Reeves, Richard Maltby, Richard Rousselet, Roger Thorpe, Roy Etzel, Rudy Salvini, Sam Donahue, Sam Morgan, Sean Jones, Sharkey Bonano, Singleton Palmer, Sonny Dunham, Steve Waterman, Sy Oliver, Teddy Riley, Terrence Holder, Thad Jones, Theo Croker, Theodore Carpenter, Tommy Dorsey, Tommy Sampson, Vaughn Monroe, Vic Schoen, Walter Jenson, Wayne Bergeron, Wayne Naus, Wendell Brunious, Werner Deinert, Wilfrido Vargas, Willie Mitchell, Ziggy Elman",,"Adam Taubitz, Bobby Hackett, Gerald Wilson, Hot Lips Page, Jimmy Dorsey, Louis Prima, Marlon Jordan, Maynard Ferguson, Pacho Galán, Papa Celestin, Wingy Manone",,24
Martin Scorsese,¿Con quién está casada la hija de Ingrid Bergman?,Martin Scorsese,,,,27
,¿Qué misiones espaciales partieron desde Baionur?,"AMOS 2, AMOS 3, AMOS 4, Amazonas 1, AngoSat-1, Astron, Badr-B, Canopus-B, Corot, Cosmos 10, Cosmos 100, Cosmos 1001, Cosmos 1002, Cosmos 1009, Cosmos 102, Cosmos 1021, Cosmos 1026, Cosmos 103, Cosmos 104, Cosmos 105, Cosmos 1060, Cosmos 107, Cosmos 1074, Cosmos 109, Cosmos 1094, Cosmos 1096, Cosmos 110, Cosmos 111, Cosmos 1113, Cosmos 113, Cosmos 115, Cosmos 1167, Cosmos 117, Cosmos 1170, Cosmos 1173, Cosmos 1174, Cosmos 1176, Cosmos 118, Cosmos 12, Cosmos 120, Cosmos 1218, Cosmos 122, Cosmos 1220, Cosmos 124, Cosmos 1240, Cosmos 1243, Cosmos 1246, Cosmos 1249, Cosmos 125, Cosmos 1258, Cosmos 1259, Cosmos 126, Cosmos 1260, Cosmos 1264, Cosmos 1266, Cosmos 1267, Cosmos 1268, Cosmos 127, Cosmos 1270, Cosmos 1272, Cosmos 1277, Cosmos 1279, Cosmos 1282, Cosmos 1286, Cosmos 1298, Cosmos 1299, Cosmos 13, Cosmos 130, Cosmos 1303, Cosmos 1306, Cosmos 1313, Cosmos 1316, Cosmos 1319, Cosmos 132, Cosmos 1329, Cosmos 133, Cosmos 1330, Cosmos 1336, Cosmos 1337, Cosmos 134, Cosmos 1347, Cosmos 1352, Cosmos 1355, Cosmos 1365, Cosmos 1366, Cosmos 1368, Cosmos 1370, Cosmos 1372, Cosmos 1373, Cosmos 1377, Cosmos 1379, Cosmos 1381, Cosmos 1399, Cosmos 140, Cosmos 1402, Cosmos 1403, Cosmos 1405, Cosmos 1412, Cosmos 1413, Cosmos 1414, Cosmos 1415, Cosmos 1416, Cosmos 1419, Cosmos 1421, Cosmos 1423, Cosmos 1424, Cosmos 1425, Cosmos 1426, Cosmos 143, Cosmos 1438, Cosmos 1439, Cosmos 1443, Cosmos 1446, Cosmos 1457, Cosmos 1460, Cosmos 1461, Cosmos 1466, Cosmos 1482, Cosmos 1484, Cosmos 1489, Cosmos 1490, Cosmos 1491, Cosmos 1492, Cosmos 15, Cosmos 1504, Cosmos 1507, Cosmos 151, Cosmos 1516, Cosmos 1519, Cosmos 1520, Cosmos 1521, Cosmos 1533, Cosmos 1540, Cosmos 1542, Cosmos 1546, Cosmos 155, Cosmos 1552, Cosmos 1554, Cosmos 1555, Cosmos 1556, Cosmos 1567, Cosmos 157, Cosmos 1571, Cosmos 1579, Cosmos 1585, Cosmos 1588, Cosmos 159, Cosmos 1593, Cosmos 1594, Cosmos 1595, Cosmos 16, Cosmos 1600, Cosmos 1603, Cosmos 1607, Cosmos 1608, Cosmos 1611, Cosmos 1616, Cosmos 162, Cosmos 1623, Cosmos 1625, Cosmos 1629, Cosmos 1630, Cosmos 1643, Cosmos 1644, Cosmos 1646, Cosmos 1650, Cosmos 1651, Cosmos 1652, Cosmos 1654, Cosmos 1656, Cosmos 1668, Cosmos 1669, Cosmos 167, Cosmos 1670, Cosmos 1673, Cosmos 1677, Cosmos 1679, Cosmos 168, Cosmos 1682, Cosmos 1686, Cosmos 1689, Cosmos 1696, Cosmos 1697, Cosmos 1700, Cosmos 1710, Cosmos 1711, Cosmos 1712, Cosmos 172, Cosmos 1728, Cosmos 1731, Cosmos 1735, Cosmos 1736, Cosmos 1737, Cosmos 1738, Cosmos 1739, Cosmos 174, Cosmos 1747, Cosmos 1756, Cosmos 1760, Cosmos 1764, Cosmos 1767, Cosmos 1769, Cosmos 177, Cosmos 1770, Cosmos 1771, Cosmos 1773, Cosmos 1775, Cosmos 1778, Cosmos 1779, Cosmos 1780, Cosmos 1781, Cosmos 1784, Cosmos 1786, Cosmos 1787, Cosmos 1792, Cosmos 18, Cosmos 1804, Cosmos 1810, Cosmos 1811, Cosmos 1817, Cosmos 1818, Cosmos 182, Cosmos 1820, Cosmos 1833, Cosmos 1834, Cosmos 1835, Cosmos 1836, Cosmos 1838, Cosmos 1839, Cosmos 1840, Cosmos 1843, Cosmos 1844, Cosmos 1845, Cosmos 185, Cosmos 186, Cosmos 1860, Cosmos 1865, Cosmos 1867, Cosmos 1870, Cosmos 1871, Cosmos 1873, Cosmos 188, Cosmos 1883, Cosmos 1884, Cosmos 1885, Cosmos 1888, Cosmos 1889, Cosmos 1890, Cosmos 1894, Cosmos 1896, Cosmos 1897, Cosmos 1899, Cosmos 1900, Cosmos 1901, Cosmos 1905, Cosmos 1916, Cosmos 1917, Cosmos 1918, Cosmos 1919, Cosmos 1921, Cosmos 1932, Cosmos 1936, Cosmos 1939, Cosmos 1940, Cosmos 1941, Cosmos 1943, Cosmos 1944, Cosmos 1945, Cosmos 1946, Cosmos 1947, Cosmos 1948, Cosmos 1949, Cosmos 1952, Cosmos 1955, Cosmos 1961, Cosmos 1962, Cosmos 1963, Cosmos 1964, Cosmos 1970, Cosmos 1971, Cosmos 1972, Cosmos 1979, Cosmos 198, Cosmos 1980, Cosmos 1982, Cosmos 1986, Cosmos 1987, Cosmos 1988, Cosmos 1989, Cosmos 1991, Cosmos 1993, Cosmos 20, Cosmos 2007, Cosmos 201, Cosmos 2020, Cosmos 2021, Cosmos 2022, Cosmos 2023, Cosmos 2024, Cosmos 2028, Cosmos 2031, Cosmos 2033, Cosmos 2045, Cosmos 2046, Cosmos 2049, Cosmos 2051, Cosmos 2054, Cosmos 208, Cosmos 209, Cosmos 21, Cosmos 212, Cosmos 213, Cosmos 216, Cosmos 217, Cosmos 22, Cosmos 224, Cosmos 227, Cosmos 228, Cosmos 231, Cosmos 234, Cosmos 235, Cosmos 236, Cosmos 238, Cosmos 239, Cosmos 24, Cosmos 240, Cosmos 243, Cosmos 248, Cosmos 249, Cosmos 251, Cosmos 252, Cosmos 258, Cosmos 260, Cosmos 264, Cosmos 267, Cosmos 27, Cosmos 274, Cosmos 279, Cosmos 28, Cosmos 280, Cosmos 284, Cosmos 287, Cosmos 288, Cosmos 29, Cosmos 291, Cosmos 293, Cosmos 296, Cosmos 299, Cosmos 30, Cosmos 306, Cosmos 310, Cosmos 316, Cosmos 318, Cosmos 32, Cosmos 33, Cosmos 331, Cosmos 34, Cosmos 345, Cosmos 346, Cosmos 35, Cosmos 350, Cosmos 352, Cosmos 359, Cosmos 360, Cosmos 363, Cosmos 366, Cosmos 367, Cosmos 368, Cosmos 37, Cosmos 370, Cosmos 373, Cosmos 374, Cosmos 375, Cosmos 377, Cosmos 379, Cosmos 38, Cosmos 386, Cosmos 39, Cosmos 390, Cosmos 392, Cosmos 397, Cosmos 398, Cosmos 399, Cosmos 4, Cosmos 40, Cosmos 402, Cosmos 404, Cosmos 41, Cosmos 410, Cosmos 420, Cosmos 428, Cosmos 429, Cosmos 431, Cosmos 432, Cosmos 434, Cosmos 44, Cosmos 441, Cosmos 45, Cosmos 452, Cosmos 46, Cosmos 462, Cosmos 463, Cosmos 466, Cosmos 469, Cosmos 47, Cosmos 471, Cosmos 473, Cosmos 474, Cosmos 48, Cosmos 482, Cosmos 491, Cosmos 492, Cosmos 493, Cosmos 496, Cosmos 499, Cosmos 50, Cosmos 513, Cosmos 516, Cosmos 517, Cosmos 519, Cosmos 52, Cosmos 537, Cosmos 54, Cosmos 543, Cosmos 547, Cosmos 55, Cosmos 551, Cosmos 56, Cosmos 57, Cosmos 572, Cosmos 573, Cosmos 58, Cosmos 581, Cosmos 583, Cosmos 59, Cosmos 599, Cosmos 60, Cosmos 609, Cosmos 61, Cosmos 613, Cosmos 62, Cosmos 626, Cosmos 63, Cosmos 632, Cosmos 636, Cosmos 638, Cosmos 64, Cosmos 65, Cosmos 651, Cosmos 652, Cosmos 654, Cosmos 656, Cosmos 658, Cosmos 66, Cosmos 667, Cosmos 67, Cosmos 670, Cosmos 672, Cosmos 674, Cosmos 68, Cosmos 685, Cosmos 69, Cosmos 691, Cosmos 699, Cosmos 7, Cosmos 701, Cosmos 702, Cosmos 71, Cosmos 710, Cosmos 719, Cosmos 72, Cosmos 722, Cosmos 723, Cosmos 724, Cosmos 727, Cosmos 73, Cosmos 731, Cosmos 74, Cosmos 740, Cosmos 75, Cosmos 754, Cosmos 760, Cosmos 77, Cosmos 772, Cosmos 774, Cosmos 777, Cosmos 78, Cosmos 780, Cosmos 785, Cosmos 786, Cosmos 79, Cosmos 799, Cosmos 80, Cosmos 802, Cosmos 804, Cosmos 806, Cosmos 809, Cosmos 81, Cosmos 814, Cosmos 817, Cosmos 819, Cosmos 82, Cosmos 824, Cosmos 83, Cosmos 835, Cosmos 838, Cosmos 84, Cosmos 843, Cosmos 85, Cosmos 852, Cosmos 856, Cosmos 859, Cosmos 86, Cosmos 860, Cosmos 861, Cosmos 866, Cosmos 868, Cosmos 869, Cosmos 87, Cosmos 88, Cosmos 884, Cosmos 886, Cosmos 888, Cosmos 889, Cosmos 89, Cosmos 9, Cosmos 90, Cosmos 904, Cosmos 908, Cosmos 91, Cosmos 910, Cosmos 914, Cosmos 918, Cosmos 92, Cosmos 920, Cosmos 932, Cosmos 937, Cosmos 94, Cosmos 952, Cosmos 954, Cosmos 957, Cosmos 96, Cosmos 961, Cosmos 966, Cosmos 970, Cosmos 98, Cosmos 986, Cosmos 989, Cosmos 99, Cosmos 992, Cosmos 999, Deimos-1, Demeter, DirecTV-12, Ekspress AM22, ExoMars Trace Gas Orbiter, Express A4, FASat-Bravo, Fobos-Grunt, GIOVE-A, Gamma, Granat, INTEGRAL, KA-SAT, Konus A, Kupon, LatinSat, Libertad I, Luna 10, Luna 1958A, Luna 2, Luna 3, Luna 5, Luna 7, Luna 8, Maroc-TUBSAT, Mars 1, Mars 1960A, Mars 1962A, Mars 1962V, Mars 96, Mars Express, Mayak, Mechta, Mir, Nanosat-1B, OICETS, Poisk, Progress M-27 M, QuetzSat 1, RadioAstron, SES7, SIRIUS 4, Saliut 7, Satmex 8, Satélite CryoSat-2, Sistema TanDEM-X y TerraSAR-X, Soyuz 1, Soyuz 10, Soyuz 11, Soyuz 12, Soyuz 13, Soyuz 14, Soyuz 15, Soyuz 16, Soyuz 17, Soyuz 18, Soyuz 18a, Soyuz 2, Soyuz 20, Soyuz 21, Soyuz 22, Soyuz 23, Soyuz 24, Soyuz 25, Soyuz 26, Soyuz 27, Soyuz 28, Soyuz 29, Soyuz 3, Soyuz 30, Soyuz 31, Soyuz 32, Soyuz 33, Soyuz 34, Soyuz 35, Soyuz 36, Soyuz 37, Soyuz 38, Soyuz 39, Soyuz 4, Soyuz 40, Soyuz 5, Soyuz 6, Soyuz 7, Soyuz 8, Soyuz 9, Soyuz MS-01, Soyuz MS-02, Soyuz MS-03, Soyuz MS-09, Soyuz T-1, Soyuz T-10, Soyuz T-10-1, Soyuz T-11, Soyuz T-12, Soyuz T-13, Soyuz T-14, Soyuz T-15, Soyuz T-2, Soyuz T-3, Soyuz T-4, Soyuz T-5, Soyuz T-6, Soyuz T-7, Soyuz T-8, Soyuz T-9, Soyuz TM-31, Soyuz TM-32, Soyuz TMA-02M, Soyuz TMA-03M, Soyuz TMA-04M, Soyuz TMA-05M, Soyuz TMA-06M, Soyuz TMA-07M, Soyuz TMA-08M, Soyuz TMA-09M, Soyuz TMA-10, Soyuz TMA-10M, Soyuz TMA-11, Soyuz TMA-11M, Soyuz TMA-12, Soyuz TMA-12M, Soyuz TMA-13, Soyuz TMA-13M, Soyuz TMA-14, Soyuz TMA-14M, Soyuz TMA-15, Soyuz TMA-15M, Soyuz TMA-16, Soyuz TMA-16M, Soyuz TMA-17M, Soyuz TMA-18M, Soyuz TMA-19M, Soyuz TMA-20, Soyuz TMA-20M, Soyuz TMA-21, Soyuz TMA-22, Soyuz TMA-3, Soyuz TMA-4, Sputnik 1, Sputnik 10, Sputnik 2, Sputnik 20, Sputnik 3, Sputnik 4, Sputnik 5, Sputnik 6, Sputnik 7, Sputnik 9, TerraSAR-X, TiungSat-1, UoSAT-12, Venera 1, Venera 2, Venera 4, Venera 5, Venera 6, Venera 7, Venera 8, Venus Express, ViaSat-1, Vosjod 1, Vosjod 2, Vostok 1, Vostok 2, Vostok 3, Vostok 4, Vostok 5, Vostok 6, Zond 1, Zond 2, Zond 3, módulo Schiaparelli",,"DOS-2, Estación Espacial Internacional, Orbital Piloted Assembly and Experiment Complex, Saliut 1, Saliut 2, Saliut 6, Saliut 7, Salyut 5",,23
,¿Cuál es la montaña mas alta en Italia?,Mont Blanc,,Mont Blanc,,289
,Muéstrame todos los libros en la serie Fundación de Asimov,"El temor de la Fundación, El triunfo de la Fundación, Fundación, Fundación e Imperio, Fundación y Tierra, Fundación y caos, Hacia la Fundación, Los límites de la Fundación, Preludio a la Fundación, Segunda Fundación",,"El originista, Fundación y Tierra, Hacia la Fundación",,347
,¿Cuál es la montaña más alta de Australia?,Pico Mawson,,Pico Mawson,,400
,¿Quien es el alcalde de la capital de la Polinesia Francesa?,Michel Buillard,,Michel Buillard,,285
,¿Cuál es la montaña más alta?,Monte Langley,,Cumbre sur del Monte Everest,,120
,¿Que lenguajes de programación influenciaron el Javascript?,"AWK, C, HyperTalk, Java, LiveScript, Lua, Perl, Python, Scheme, Self",,"C (lenguaje de programación), Java (lenguaje de programación), Lisp, Lua, Perl, Python, Scheme, Self (lenguaje de programación)",,122
,¿Qué productos de software han sido desarrollados por empresas fundadas en California?,"FaceTime, ProRes 422, Siri, Swift",,"AutoCAD, Autodesk Inventor, Berkeley DB, Call of Duty (videojuego), Call of Duty 2, Call of Duty 4: Modern Warfare, Call of Duty: Ghosts, Call of Duty: Infinite Warfare, Call of Duty: Modern Warfare 2, Call of Duty: Modern Warfare 3, Cisco IOS, ClamAV, Dark Reign 2, Dbx (depurador), Destroy All Humans!, Destroy All Humans! 2, El Señor de los Anillos: la conquista, Eudora (cliente correo electrónico), FireChat, Fsn, Ghost (software), GlassFish, HijackThis, IRIX, IW engine, Imperialism, Imperialism II: The Age of Exploration, JAX-RS, JAX-WS, JBuilder, JDeveloper, Java Desktop System, Java Development Kit, Kylix (entorno de desarrollo), MapGuide Open Source, Mercenaries 2: World in Flames, Mercenarios: El arte de la destrucción, Movable Type, Mudbox, Mutantes comunistas del espacio exterior, MyISAM, MySQL, MySQL Cluster, MySQL Workbench, Night Stalker, Norton Internet Security, Norton Utilities, OpenJDK, OpenSolaris, Oracle Application Express, Oracle Database, Oracle Linux, Oracle WebLogic, Packet Tracer, Planet Hot Wheels, Plataforma Java, Pretty Good Privacy, Revit, Silk Central, Snort, Softimage, Star Wars: Battlefront (2004), Star Wars: Battlefront II, Star Wars: The Clone Wars (videojuego de 2002), StarOffice, Sun Grid Engine, The Dark Knight (videojuego), The Saboteur, TopLink, Trade Empires, Turbo Assembler, Turbo C, Turbo Delphi, Tuxedo (software), VirtualBox, VisualVM",,125
,¿Qué instrumentos tocaba Cat Stevens?,"bajo eléctrico, guitarra, piano, voz",,"Baldwin Piano Company, Epiphone Casino, Fender Telecaster, Gibson ES-335, Mandolina, Mellotron, Piano Rhodes",,126
,¿Quién fué el sucesor de John F. Kennedy?,"Benjamin A. Smith II, Lyndon B. Johnson, Tip O'Neill",,"Benjamin A. Smith II, Lyndon B. Johnson",,264
,¿Quien escribió Los juegos del hambre?,Suzanne Collins,,Suzanne Collins,,129
,¿Quién es el editor de Forbes?,Steve Forbes,,Steve Forbes,,220
,Dame todos los políticos que sean metodístas.,"Abel Muzorewa, Afuʻalo Matoto, Alben W. Barkley, Albert Edward Smith, Albert Hawke, Albert Kan-Dapaah, Alfred Brunson, Alfred Catt, Alfred Hicks, Alieu Badara N’Jie, Alvin Olin King, Andrew Hunter, Anthony Forster, Arch A. Moore, Jr., Arthur Sherwood Flemming, Augustus Baldwin Longstreet, Barbara Cegavske, Barzilla W. Clark, Beauford H. Jester, Ben Nelson, Benjamin F. Newhall, Bennie Dee Warner, Bennie Thompson, Betty Sutton, Bill Posey, Bill White, Bob Dole, Bob Ehrlich, Bob Morton, Bob Taft, Boris Trajkovski, Buddy Roemer, C. Anthony Muse, Canaan Sodindo Banana, Carl Vinson, Cecil H. Underwood, Cedric Glover, Charles Curtis, Charles D. B. King, Charles Grey, Charles Maclay, Charlie Crist, Chester Hardy Aldrich, Chiang Ching-kuo, Chiang Kai-shek, Clement A. Evans, Coke R. Stevenson, Colin Scrimgeour, Coy Pugh, Crawford Vaughan, Daniel Inouye, Daniel L. Marsh, Darius Crouter, Dave Heineman, David Charles Davies, David G. P. Taylor, David Lange, David Perdue, David William Davis, Dede Scozzafava, Denis Walker, Dennis Hastert, Dick Cheney, Dirk Kempthorne, Doris Matsui, Doug Moseley, Dutch Ruppersberger, Earl Warren, Ed Whitfield, Edward Lucas, Edward Stephens, Edward Stone Parker, Edward T. Breathitt, Edwin Barclay, Edwin Derrington, Edwin M. Stanton, Edwin Thoms Cox, Egerton Ryerson, Elihu Bailey, Elizabeth Dole, Ellen Johnson-Sirleaf, Elwyn Tinklenberg, Emanuel Cleaver, Enoch Mudge, Erastus Otis Haven, Ernest Carr, Ernest Hannaford, Ernest Sommerlad, Fidel V. Ramos, Forbes Burnham, Francis Tait, Frank Bainard Stacey, Frank Bainimarama, Frank R. Gooding, Frank Shields, Fred M. Vinson, Frederick Holder, Frederick Thomas Gray, Gene Green, George Abernethy, George Cholmondeley, 2nd Marquess of Cholmondeley, George Marsden Waterhouse, George McGovern, George McKendree Steele, George Ritchie, George Wallace, George Weah, Gilbert De La Matyr, Goh Keng Swee, Graça Machel, Harry Blackmun, Harvey Stower, Heather Wilson, Helen Chupco, Henry Augustus Buchtel, Heo Jeong, Herbert Lyons, Hillary Clinton, Hiram Sinsabaugh, Horace Cooper Wrinch, Hugh Kelly, J. S. Woodsworth, Jackson Stitt Wilson, James A. Noe, James Browning, James C. Fields, James K. Polk, James Wilson, James Wilson, Jamie Reed, Jan C. Ting, Janet Napolitano, Jay Nixon, Jeff Bingaman, Jeff Miller, Jeff Sessions, Jerry Moran, Jim Gilmore, Jim Kolbe, Joe Barton, Johann Scherk, John Brademas, John Brodhead, John Bull, John Colton, John Connally, John Culberson, John Dunn, John Evans Atta Mills, John Henninger Reagan, John Hogan, John Jamison Pearce, John Karefa-Smart, John Kline, John Lavington Bonython, John Mason, John Neely Kennedy, John Roblin, John Russell, John Scott Lidgett, John Sherman, John Sparkman, John Sparrow David Thompson, John Tower, John Verran, John W. Geary, Johnny Isakson, Jon Elrod, Joseph Arthur Ankrah, Joseph Cook, Joseph E. Irish, Joseph Tait, Julia Grant, Julius C. Zeller, Kasim Reed, Kathleen Richardson, Baroness Richardson of Calow, Kay Granger, Keen Johnson, Kim Seong-Soo, Larry Craig, Laura Richardson, Lee Hui-ho, Lenny Curry, Leon Atkin, Leonard B. Jordan, Leonard Isitt, Leonel Brizola, Leslie Bourneman Neale, Linda Berglin, Lloyd Doggett, Lorenzo English, Lowen Kruse, Lucy Webb Hayes, Lurleen Wallace, Margaret Thatcher, Mark Parkinson, Mark Trafton, Maurice Conner, Michael Thomas Sadler, Michelle Obama, Mike Coffman, Mike Rogers, Morgan Noble, Moses Ayrton, Murphy J. Foster, Mvume Dandala, Ndabaningi Sithole, Nehemiah Green, Nelson Mandela, Nelson McCausland, Newton Cloud, Nga Kor Ming, Nikki Haley, Noraldino Junior, Norman Birkett, Oramel H. Simpson, Oscar Penn Fitzgerald, Pat Roberts, Pat Spearman, Paul Douglass, Paul Gillmor, Paul O'Neill, Pete Olson, Pete Sessions, Peter Bessell, Peter Cartwright, Pleasant Tackitt, Rex Pearson, Rich Gordon, Richard Burr, Richard Coe Henders, Richard Foster, Richard H. Cain, Richard Hanson, Richard Lugar, Rick Boucher, Rick Larsen, Rick Scott, Rob Portman, Robert Bradford, Robert Caldwell, Robert E. Smylie, Robert Harder, Robert P. Shuler, Robert R. Cupp, Robert Richards, Robert Toombs, Roy H. McVicker, Roy Herron, Russell Marshall, Rutherford B. Hayes, Sam Johnson, Samuel G. Havermale, Samuel Roy McKelvie, Selwyn Lloyd, Silas C. Swallow, Sir Samuel Way, 1st Baronet, Soong May-ling, Stafford Bird, Stanley A. Johnson, Steve Symms, Susan Tsvangirai, Syngman Rhee, Theodore Hack, Thomas Benton Wheeler, Thomas Fletcher, Thomas Greenway, Thomas Holliday Hicks, Thomas Johnson, Thomas Scott, Tim Mahoney, Tom Cole, Tom Cotton, Tomasi Kanailagi, Tse-ven Soong, Tupou VI, Ulysses S. Grant, Victor Emanuel Anderson, W. W. Dumas, Walter Q. Gresham, Warren Christopher, Washington Gardner, William A. Pile, William Claflin, William F. Knowland, William Gannaway Brownlow, William H. Willson, William Harrell Felton, William Irvine, William Ivens, William McKinley, William Rounsevell, William Thompson, William Traylen, William Vacanarat Shadrach Tubman, William Wallace Johnson, Winnie Madikizela, Winthrop Paul Rockefeller, Winthrop Rockefeller, Zell Miller, Zhang Xueliang",,"Arthur Henderson, Arthur Robinson, Boris Trajkovski, Canaan Sodindo Banana, George W. Bush, Milton Margai, Robert Smylie, Syngman Rhee",,118
,Dame todas la islas que pertenezcan a Japón.,"Akusekijima, Amami Oshima, Aoshima, Chichi-jima, Enoshima, Etajima, Ezo, Ganryū-jima, Haha-jima, Hashirajima, Hateruma, Hatoma, Hokkaidō, Honshū, Iejima, Iheyajima, Isla Aguni, Isla Aka, Isla Awaji, Isla Awashima (Niigata), Isla Chikubu, Isla Geruma, Isla Hakata, Isla Hashima, Isla Hegurajima, Isla Ikema, Isla Iki, Isla Irabu, Isla Iriomote, Isla Ishigaki, Isla Kamome, Isla Kashiko, Isla Kikai, Isla Ko, Isla Kuchinoerabu, Isla Kume, Isla Kurima, Isla Minna, Isla Miyako, Isla Naka, Isla Rebun, Isla Rishiri, Isla Rokkō, Isla Shimoji, Isla Tobishima, Isla Tokashiki, Isla Wakamatsu, Isla de Okinawa, Isla del Puerto, Isla Ōmi, Itsukushima, Iwo Jima del Norte, Iōjima, Kakeromajima, Kanmurijima, Kitadaitō, Kohama, Kuchinoshima, Kuro, Kyūshū, Kōzushima, Minami Daitō, Minami Torishima, Mitsukejima, Nakanoshima, Odaiba, Oki Daitō, Okinoerabujima, Okunoshima, Okushiri, Región de Kyushu, Sakurajima, Shikinejima, Shikoku, Shōdoshima, Sotobanari, Sumisujima, Suwanosejima, Sōfugan, Takarajima, Taketomi, Tanegashima, Teuri, Tokunoshima, Tsuru Shima, Tsushima, Tōshi-jima, Ukeshima, Yagishiri, Yakushima, Yokoatejima, Yonaguni, Yoronjima, Yoroshima, Yubu-jima, Zamamijima, Ōshima",,"Akusekijima, Amami Ōshima, Chichi-jima, Haha-jima, Hateruma, Hokkaidō, Honshū, Iejima, Isla Aka, Isla Awaji, Isla Geruma, Isla Iki, Isla Iriomote, Isla Ishigaki, Isla Kamome, Isla Ko (Oshima), Isla Kuchinoerabu, Isla Kume, Isla Miyako, Isla Rebun, Isla Rishiri, Isla Tokashiki, Isla de Hashima, Isla de Okinawa, Islas Amami, Islas Daitō, Islas Oki, Islas Tokara, Islas Yaeyama, Islas de Los Volcanes, Islas Ōsumi, Izu Ōshima, Iōjima, Iōtō, Kitadaitō, Kyūshū, Minami Daitō, Minami Torishima, Miyakejima, Nakanoshima, Oki Daitō, Okinotorishima, Okushiri, Región de Shikoku, Sumisujima, Sōfugan, Taketomi, Tanegashima, Teuri, Tsushima (isla), Yagishiri, Yakushima, Yokoatejima, Yonaguni, Zamamijima, Ōnoharajima",,59
"ACT, ACT (discografica), ACT (discográfica), Allianz, Allmann Sattler Wappner, Altran Technologies, Arri, Augustiner Braeu, Augustiner Bräu, AutoScout24, BMW, BMW M, BMW Motorrad, BMW Peugeot Citroen Electrification, BMW Peugeot Citroën Electrification, BSH, Bavaria Film, Bayerischer Rundfunk, BayernLB, Buses MAN SE, Cetelem, Cirquent, Compost Records, Conde Nast Publications, Condé Nast Publications, DASA, DASA (empresa alemana), DriveNow, Dyckerhoff & Widmann, ECM, ECM (discografica), ECM (discográfica), EU Business School, Escada, FMS Wertmanagement, Franz-Eher-Verlag, Fraunhofer-Gesellschaft, Fujitsu Siemens, Giesecke & Devrient, HAWE Hydraulik SE, Hans im Glueck, Hans im Glück, Hypo Real Estate, HypoVereinsbank, Koch Media, Krauss-Maffei, Lufthansa CityLine, Lufthansa Regional, MAN SE, MP & Silva, Mitropa, Muenchener Rueck, Münchener Rück, Nemetschek, Osram, Paulaner, Penguin Random House Grupo Editorial, Roland Berger Strategy Consultants, Shin'en Multimedia, Siemens Mobile, Sixt, TUeV SUeD, The Linde Group, TÜV SÜD, Wacker Neuson, Zuendapp, Zündapp",Dame todas las empresas de Munich?,,,"ACT (discográfica), Allianz, Arri, Atos, Augustiner Bräu, BMW, BSH, Buses MAN SE, Cetelem, Cirquent, DASA (empresa alemana), DriveNow, Dyckerhoff & Widmann, ECM (discográfica), Escada, Fraunhofer-Gesellschaft, Fujitsu Siemens, HAWE Hydraulik SE, Hans im Glück, Hypo Real Estate, HypoVereinsbank, MAN SE, MP & Silva, Mitropa, Münchener Rück, Nemetschek, Osram, Roland Berger Strategy Consultants, Siemens AG, Siemens Mobile, Sixt, The Linde Group, TÜV SÜD",,54
"Borgona, Borgoña, Palatinado, Palatinado (region vinicola), Palatinado (región vinícola), Rheinhessen, Rheinhessen (region vinicola), Rheinhessen (región vinícola), Vinedo de Borgona, Vinedo de Champana, Vinedo del valle del Loira, Vino de California, Viñedo de Borgoña, Viñedo de Champaña, Viñedo del valle del Loira",¿De que región es el vino Melon de Bourgogne?,,,"Oregón, Viñedo del valle del Loira",,276
,¿Cual es la causa mortal más común?,infarto de miocardio,,Infarto agudo de miocardio,,52
,¿Qué libros de Kerouac han sido publicados por Viking Press?,En el camino,,En el camino,,378
James Horner,¿Quién compuso la banda sonora del Titanic de Cameron?,,,James Horner,,259
"Bob Ezrin, Michael Kamen",Quien son el escritores de el pared álbum de Rosado Floyd? ,Bob Ezrin,,,,299
"Age 233 (Myst), Ages of Riven, Combat (1985 video game), Combat (Exidy game), Combat (arcade game), Exidy games, King Ri'neref, List of Windows games starting with M, MYST, Missed (game), Moiety (Myst), Myst (game), Myst (video game), Myst (videojuego), Myst 1, Myst 2, Myst I, Myst II, Myst II, Myst PSP, Myst comics, Myst organizations, Myst quotes, Myst universe, Myst-clone, Myst: Masterpiece Edition, Myst: Soundtrack, Real Myst, RealMYST (game), RealMyst, Ri'neref, Ri'neref (Myst), Riven, Riven, Riven (Myst), Riven, The Sequel to Myst, Riven, the sequel to Myst, Riven: The Sequel To Myst, Riven: The Sequel to Mist, Riven: The Sequel to Myst, Riven: The Sequel to Myst, Riven: The Sequel to Myst, Tay (Myst), Teeter Torture, Yeesha (Myst)",Dame todos los videojuegos de Mean Hamster Software.,,,"Crossbow, Riven",,295
,¿En que ciudad murió Nikos Kazantzakis?,Heraclión,,Friburgo de Brisgovia,,292
,¿Qué contiene una galleta de chocolate?,"Chispa de chocolate, harina",,"Azúcar, Azúcar moreno, Chispa de chocolate, Harina, Mantequilla, Margarina, Sal",,293
"Juego de guerra, Twilight Struggle",Dame todos los juegos de GMT.,,,Twilight Struggle,,290
,Dame una lista de todos los líderes de un grupo que tocan la trompeta.,"Akio Okamoto, Al Hirt, Andy Dickens, Anna Mae Winburn, B. A. Rolfe, Barbara Donald, Barrie Lee Hall, Jr., Benny Carter, Bill Berry, Billie Rogers, Billy Eckstine, Billy May, Bob Astor, Bobby Bryant, Bobby Martin, Bobby Sherwood, Bola Johnson, Boy Edgar, Brian Jones, Buddy Bolden, Bunny Berigan, Burgess Gardner, Calvin Boze, Cat Anderson, Charlie Creath, Charlie Gaines, Charlie Spivak, Chico O'Farrill, Clark Terry, Claude Gordon, Clyde McCoy, Clyde Reasinger, Cootie Williams, Dan Terry, Dave Nelson, David Berger, Dean Hudson, Derrick Gardner, Dewey Jackson, Dizzy Gillespie, Doc Cheatham, Doc Severinsen, Dominick Farinacci, Don Albert, Don Ellis, Eddie Randle, Eddie Sauter, Edwin Franko Goldman, Ernest ""Doc"" Paulin, Erskine Hawkins, Freddy Randall, Frederik Köster, Gary Guthman, Gene ""Bowlegs"" Miller, Gerald Wilson, Gracie Cole, Guy Barker, Harry James, Henry Jerome, Herb Pomeroy, Herb Wiedoeft, Herbie Kay, Herbie Phillips, Humphrey Lyttelton, Ian Hamer, Irvin Mayfield, Ivan Jullien, Jack Walrath, Jake Porter, Jan Pavlis, Jeff Tyzik, Jerry van Rooyen, Jim Knapp, Jimmy Deuchar, Jimmy Wade, Joe Cabot, Joe King Oliver, Joe Morris, John Bayley, John Hubbard Beecher, Johnnie Davis, Johnny Dunn, Jordan McLean, Julio Cueva, Ken Colyer, Ken Hanna, Kenny Baker (trompetista), Kenny Ball, Kid Thomas Valentine, Klaas van Beeck, Klaus Lenz, Larry Clinton, Lee Castle, Leif Uvemark, Les Elgart, Lester Bowie, Lew Soloff, Lloyd Hunter, Louis Armstrong, Lu Watters, Manuel Pérez, Marlon Jordan, Matthias Schriefl, Maurice McAdow, Max Kaminsky, Mercer Ellington, Mick Collins, Mick Mulligan, Mike Cotton, Mike Mantler, Mike Vax, Miles Davis, Milt Larkin, Nat Gonella, Nicholas Payton, Nick LaRocca, Norman Mason, Oliver Todd, Ollie Mitchell, Ovie Alston, Papa Celestin, Paul Brody, Paul Mares, Peter Packay, Phil Collins, Phil Napoleon, Philipp Rellstab, Quincy Jones, Randy Brooks, Ray Anthony, Ray Davies, Raymond Harry Brown, Red Nichols, Red Perkins, Reuben Reeves, Richard Maltby, Richard Rousselet, Roger Thorpe, Roy Etzel, Rudy Salvini, Sam Donahue, Sam Morgan, Sean Jones, Sharkey Bonano, Singleton Palmer, Sonny Dunham, Steve Waterman, Sy Oliver, Teddy Riley, Terrence Holder, Thad Jones, Theo Croker, Theodore Carpenter, Tommy Dorsey, Tommy Sampson, Vaughn Monroe, Vic Schoen, Walter Jenson, Wayne Bergeron, Wayne Naus, Wendell Brunious, Werner Deinert, Wilfrido Vargas, Willie Mitchell, Ziggy Elman",,"Adam Taubitz, Bobby Hackett, Gerald Wilson, Hot Lips Page, Jimmy Dorsey, Louis Prima, Marlon Jordan, Maynard Ferguson, Pacho Galán, Papa Celestin, Wingy Manone",,164
,¿Qué ingredientes son necesarios para una tarta de zanahorias?,"harina, zanahoria",,"Azúcar, Harina, Levadura química",,199
,Dónde es el lugar de nacimiento de ¿Goethe? ,Fráncfort del Meno,,"Fráncfort del Meno, Sacro Imperio Romano Germánico",,197
"Anco Marcio, Lucio Tarquinio Prisco, Numa Pompilio, Servio Tulio, Tanaquil, Tarquinio el Soberbio, Tito Tacio, Tulo Hostilio",Lista los siete reyes de Roma.,,,"Anco Marcio, Lucio Tarquinio Prisco, Numa Pompilio, Rómulo y Remo, Servio Tulio, Tarquinio el Soberbio, Tulo Hostilio",,178
,¿Quién descubrió Ceres?,Giuseppe Piazzi,,Giuseppe Piazzi,,191
Juan Pablo II,¿Quien fue el papa que fundo la televisión Vaticana?,,,Juan Pablo II,,190
,¿En qué estado de los estados unidos se encuentra el monte McKinley?,Borough de Denali,,Alaska,,115
,¿Qué lenguajes de programación fueron influenciados por el Perl?,"BeanShell, Falcon, Groovy, JavaScript, PHP, PIKT, Pascal Script, Perl 6, PowerShell, Python, Qore, Ruby, Sleep",,"CoffeeScript, ECMAScript, Falcon (lenguaje de programación), Groovy (lenguaje de programación), JavaScript, Julia (lenguaje de programación), PHP, Perl 6, Python, Ruby, Windows PowerShell",,114
,¿Quién escribió el tema del Juego de Tronos?,Ramin Djawadi,,Ramin Djawadi,,397
,Dame todas las bibliotecas que fueron establecidas antes de 1400.,Biblioteca de Montserrat,,"Biblioteca Nacional de Austria, Biblioteca de Alejandría, Biblioteca de Asurbanipal, Biblioteca de Pérgamo, Biblioteca de la Universidad de Cambridge, Biblioteca de la Universidad de Heidelberg",,113
,¿Qué actor hizo el papel de Chewbacca?,"Joonas Suotamo, Peter Mayhew",,Peter Mayhew,,112
,¿Qué cerveza se ha originado en Irlanda?,Guinness,,Guinness,,80
,¿Quién interpreto a Gus Fring en Breaking Bad?,Giancarlo Esposito,,Giancarlo Esposito,,204
,En que imperio antiguo pagaría con granos de cacao?,aztecas,,Triple Alianza (México),,257
,¿En qué lenguaje de programación esta programado GIMP?,C,,GIMP,,247
Riley Keough,Dame todos los nietos de Elvis Presley.,"Benjamin Keough, Riley Keough",,,,367
,¿En que ciudad termina la ruta Chilena 68?,"Región Metropolitana de Santiago, Valparaíso",,Valparaíso,,366
,¿Cuál es la cuidad más grande de Australia?,Brisbane,,Sídney,,301
,¿En qué países se habla japonés?,Japón,,"Japón, Palaos, Pueblo japonés",,406
,¿Que escritores estudiaron en Estambul?,"Abdi İpekçi, Abdülhak Şinasi Hisar, Adnan Oktar, Ahmad Amin al-Kadhimi, Ahmed Haşim, Ahmed Hikmet, Ahmet Altan, Ahmet Davutoğlu, Ahmet Esat Tomruk, Ahmet Hamdi Tanpınar, Ahmet Kutsi Tecer, Ahmet Talat Onay, Ahmet Yalçınkaya, Ahmet Ümit, Ali Akbar, Altar Kaplan, Aristotelis Kourtidis, Arman Manukyan, Armen Enovk, Aršak Č'opanyan, Aslı Der, Aslı Erdogan, Avedis Alixanian, Aydilge, Ayşe Arman, Ayşe Kulin, Bahadir Kaleagasi, Baris Uygur, Bedia Akarsu, Bedri Noyan, Behçet Necatigil, Bülent Ecevit, Cahit Sıtkı Tarancı, Celil Oker, Cem Akas, Cem Yılmaz, Cengiz Aktar, Cezmi Ersöz, Demetrio Cantemir, Demir Özlü, Dilek Zaptçıoğlu, Duygu Asena, Ercan Arıklı, Erden Alkan, Erukhan, Esin Acıman, Etyen Mahçupyan, Eulogios Kourilas Lauriotis, Fikret Otyam, Gamze Deniz, Georgi Sava Rakovski, Gülse Birsel, Hagop Mıntzuri, Haldun Taner, Halide Edib, Halide Nusret Zorlutuna, Hande Altaylı, Hasan Âli Yücel, Hikmet Temel Akarsu, Hilmi Yavuz, Hrant Dink, Huseyn Javid, Ioannis Leontopoulos, Kadir Akbulut, Kegham Parseghian, Kemal Tahir, Konstantinos Tsopros, Krikor Zohrab, Kutsiye Bozoklar, Lale Müldür, Levon Larents, Leylâ Erbil, Max Bilen, Mehmet Akif Ersoy, Mehmet Ali Birand, Mehmet Günsür, Mehmet Korhan Erturac, Mehmet Murat Somer, Melkon Giurdjian, Murat Belge, Mıgırdiç Margosyan, Nazan Aksoy, Nazım Hikmet, Nedim Gürsel, Nedim Şener, Neoklis Sarris, Nigoghos Sarafian, Nihal Bengisu Karaca, Oguz Atay, Onnik Chifte-Saraf, Orhan Kural, Orhan Veli Kanik, Perihan Mağden, Pertev Naili Boratav, Petros Márkaris, Pınar Kür, Refii Cevat Ulunay, Refik Erduran, Refik Halid Karay, Resat Nuri Güntekin, Reteos Berberian, Rexhep Voka, Reşat Ekrem Koçu, Roni Margulies, Sabahattin Eyüboğlu, Sadri Ertem, Safiye Erol, Safveti Ziya, Sait Faik Abasiyanik, Samad Agaoglu, Sava Dobroplodni, Seraphim Maximus, Sermet Muhtar Alus, Sevim Burak, Seyla Benhabib, Seza Kutlar Aksoy, Shaij Nazim al-Qubrusi, Shavarsh Krissian, Stoyan Mihaylovski, Sunay Akın, Suzan Emine Kaube, Syuheyl Unver, Teotig, Tevfik Fikret, Tomris Uyar, Tryfon Evangelidis, Turgut Cansever, Vartan Ihmalyan, Yahya Kemal Beyatlı, Yıldırım Keskin, Yılmaz Onay, Zehra İpşiroğlu, Zeki Müren, Zeynep Altıok, Zeynep Sevde Paksu, Ziya Gökalp, ayoub, Çetin Altan, Ülkü Tamer, İsmail Cem İpekçi",,"Halide Edib, Hikmet Temel Akarsu",,100
,¿Quién es el alcalde de Tel Aviv?,Ron Huldai,,Ron Huldai,,381
,Dame todos los escritores que hayan recibido el premio nobel de literatura.,"Albert Camus, Aleksandr Solzhenitsyn, Alice Munro, Anatole France, André Gide, Bertrand Russell, Bjørnstjerne Bjørnson, Bob Dylan, Borís Pasternak, Camilo José Cela, Carl Spitteler, Claude Simon, Czesław Miłosz, Darío Fo, Derek Walcott, Doris Lessing, Elfriede Jelinek, Elias Canetti, Erik Axel Karlfeldt, Ernest Hemingway, Eugene O'Neill, Eugenio Montale, Eyvind Johnson, Frans Eemil Sillanpää, François Mauriac, Frédéric Mistral, Gabriel García Márquez, Gabriela Mistral, Gao Xingjian, George Bernard Shaw, Gerhart Hauptmann, Giorgos Seferis, Giosuè Carducci, Grazia Deledda, Günter Grass, Halldór Laxness, Harold Pinter, Harry Martinson, Heinrich Böll, Henri Bergson, Henrik Pontoppidan, Henryk Sienkiewicz, Hermann Hesse, Herta Müller, Imre Kertész, Isaac Bashevis Singer, Ivo Andrić, Iván Bunin, J. M. Coetzee, Jacinto Benavente, Jaroslav Seifert, Jean-Marie Gustave Le Clézio, Jean-Paul Sartre, Johannes Vilhelm Jensen, John Galsworthy, John Steinbeck, Joseph Brodsky, José Echegaray, José Saramago, Juan Ramón Jiménez, Karl Adolph Gjellerup, Kazuo Ishiguro, Kenzaburō Ōe, Knut Hamsun, Luigi Pirandello, Mario Vargas Llosa, Maurice Maeterlinck, Miguel Ángel Asturias, Mijaíl Shólojov, Mo Yan, Nadine Gordimer, Naguib Mahfuz, Nelly Sachs, Octavio Paz, Odysséas Elýtis, Orhan Pamuk, Pablo Neruda, Patrick Modiano, Patrick White, Paul von Heyse, Pearl S. Buck, Pär Lagerkvist, Rabindranath Tagore, Roger Martin du Gard, Romain Rolland, Rudolf Christoph Eucken, Rudyard Kipling, Saint-John Perse, Salvatore Quasimodo, Samuel Beckett, Saul Bellow, Seamus Heaney, Selma Lagerlöf, Shmuel Yosef Agnón, Sigrid Undset, Sinclair Lewis, Sully Prudhomme, Svetlana Aleksiévich, T. S. Eliot, Theodor Mommsen, Thomas Mann, Tomas Tranströmer, Toni Morrison, V. S. Naipaul, Verner von Heidenstam, Vicente Aleixandre, William Butler Yeats, William Faulkner, William Golding, Wisława Szymborska, Wole Soyinka, Władysław Reymont, Yasunari Kawabata",,"Aleksandr Solzhenitsyn, Alice Munro, Czesław Miłosz, Ernest Hemingway, Eugene O'Neill, Gerhart Hauptmann, Harold Pinter, Hermann Hesse, John Steinbeck, Joseph Brodsky, José Saramago, Juan Ramón Jiménez, Pablo Neruda, Patrick Modiano, Seamus Heaney, Svetlana Aleksiévich, T. S. Eliot, Thomas Mann, Toni Morrison, William Golding, Wisława Szymborska",,33
,¿Quién es el jugador más alto de los Atlanta Falcons?,Matt Willig,,Matt Schaub,,31
,¿Qué estados tienen frontera con Illinois?,"Indiana, Iowa, Kentucky, Misuri, Míchigan, Wisconsin",,"Indiana, Iowa, Kentucky, Misuri, Wisconsin",,36
,Muéstrame la autobiografía Hemingway.,París era una fiesta,,París era una fiesta,,391
,¿A qué partido politico pertenece el alcalde de París?,Partido Socialista,,Partido Socialista (Francia),,310
,¿En qué ciudad vive Sylvester Stallone?,Beverly Hills,,Beverly Hills,,377
,¿Quién fue el primero en ascender al Monte Everest?,"Edmund Hillary, Tenzing Norgay",,"Edmund Hillary, Tenzing Norgay",,384
"Adolphe Joseph Thomas Monticelli, Anton Mauve, Frans Hals",¿Quién inspiro a Vincent van Gogh?,,,Anton Mauve,,339
,¿Dónde está enterrado Syngman Rhee?,Cementerio nacional de Seúl,,Cementerio nacional de Seúl,,333
,Dame todos los astronautas de Apolo 14?,"Alan Bartlett Shepard, Edgar Mitchell, Stuart Allen Roosa",,"Alan Bartlett Shepard, Edgar Mitchell, Stuart Allen Roosa",,61
"AE Larisa, Aberystwyth Town Football Club, Accrington Stanley Football Club, African Stars Football Club, Aldershot Town Football Club, Alfreton Town Football Club, Altrincham Football Club, Anexo:Equipos ingleses de fútbol en competiciones internacionales, Anexo:Liverpool Football Club en competiciones internacionales, Anorthosis Famagusta, Arsenal Football Club, Arsenal Ladies Football Club, Asante Kotoko FC, Association Football Club Telford United, Association Football Club Wimbledon, Association Sportive de Monaco Football Club, Associazione Calcio Lumezzane, Aston Villa Football Club, Athletic Football Club Bournemouth, Austin Astex, Austin Aztex II, Banjul Hawks, Barnet Football Club, Barnsley Football Club, Barrow Association Football Club, Bayern de Múnich, Bengaluru FC, Berekum Chelsea F.C., Birmingham City Football Club, Bishop's Stortford Football Club, Blackburn Rovers Football Club, Blackpool Football Club, Bolton Wanderers Football Club, Boreham Wood FC, Borussia Dortmund, Borussia Moenchengladbach, Borussia Mönchengladbach, Boston Red Sox, Boston United Football Club, Brackley Town Football Club, Bradford City Association Football Club, Braintree Town FC, Brentford Football Club, Brighton & Hove Albion Football Club, Bristol City Football Club, Bristol Rovers Football Club, Bromley Football Club, Brunei DPMM FC, Burnley Football Club, Bury Football Club, Cambridge United Football Club, Cardiff City Football Club, Carlisle United Football Club, Carmarthen Town Association Football Club, Celtic Football Club, Charlton Athletic Football Club, Chelsea Football Club, Chelsea Ladies Football Club, Cheltenham Town Football Club, Chester City Football Club, Chester Football Club, Chesterfield Football Club, Club Atletico Tigre, Club Atletico Torque, Club Atletico de Madrid, Club Atlético Tigre, Club Atlético Torque, Club Atlético de Madrid, Club Deportivo Atletico Baleares, Club Deportivo Atlético Baleares, Club Deportivo Nublense, Club Deportivo Serrato Pacasmayo, Club Deportivo Ñublense, Club Gimnastic de Tarragona, Club Gimnàstic de Tarragona, Club Social y Deportivo General Roca, Club Universidad Nacional, Colchester United Football Club, Colorado Rapids, Columbus Crew SC, Connah's Quay Nomads Football Club, Coventry City Football Club, Crawley Town Football Club, Crewe Alexandra Football Club, Crusaders Football Club, Crystal Palace Football Club, Dagenham & Redbridge Football Club, Dallas Cowboys, Dartford FC, Delhi Dynamos Football Club, Deportivo Saprissa, Derby County Football Club, Doncaster Rovers Football Club, Dover Athletic Football Club, Droylsden FC, EB/Streymur, Eastleigh Football Club, Ecija Balompie, Equipo ascensor, Eskisehirspor, Eskişehirspor, Esperance Sportive de Tunis, Espérance Sportive de Tunis, Everton Football Club, Everton de Vina del Mar, Everton de Viña del Mar, Evian Thonon Gaillard FC, Exeter City Football Club, F91 Dudelange, FC Astra Giurgiu, FC Bulle, FC Dinamo de Bucarest, FC Pirin Blagoevgrad, FC Rotor Volgogrado, FC St. Gallen, FC Ufa, FK Anzhi Majachkala, FK Anzhí Majachkalá, FK Jelgava, Farnborough Football Club, Federación de Fútbol de Omán, Ferencvarosi Torna Club, Ferencvárosi Torna Club, Feyenoord Rotterdam, Filial, Filial (deporte), Fleetwood Town Football Club, Football Club Dallas, Football Club Halifax Town, Football Club Twente, Football Club United of Manchester, Football Club de Metz, Forest Green Rovers Football Club, Fulham Football Club, G-14, G-14 (fútbol), Gateshead Football Club, Genoa Cricket & Football Club, Gibraltar Lions Football Club, Gillingham Football Club, Grays Athletic Football Club, Grimsby Town Football Club, Guernsey Football Club, Guiseley Association Football Club, Hamilton Academical Football Club, Hartlepool United Football Club, Hibernian Football Club, Huddersfield Town Football Club, Hull City Association Football Club, Hyde United Football Club, IF Brommapojkarna, Incheon United Football Club, Inter de Milan, Inter de Milán, Ipswich Town Football Club, JCT FC, Juventus de Turin, Juventus de Turín, KR Reykjavik, KR Reykjavík, KSK Beveren, Kerala Blasters, Kettering Town Football Club, Kidderminster Harriers Football Club, Leeds United Association Football Club, Leek Town Football Club, Leicester City Football Club, Leyton Orient Football Club, Lille Olympique Sporting Club, Lincoln City Football Club, Liverpool Football Club, Luton Town Football Club, Macclesfield Town Football Club, Mahindra United, Maidenhead United Football Club, Maidstone United Football Club, Malmoe FF, Malmö FF, Manchester City Football Club, Manchester City Women's Football Club, Manchester United Football Club, Mansfield Town Football Club, Margate Football Club, Marsaxlokk Football Club, Middlesbrough Football Club, Mikkelin Palloilijat, Millwall Football Club, Milton Keynes Dons Football Club, Minnesota United Football Club, Molde FK, Morecambe Football Club, NEC Nijmegen, NK Olimpija Ljubljana, NK Olimpija Ljubljana (2005), New York City Football Club, New York Cosmos, New York Cosmos (2010), New York Red Bulls, New York Yankees, New Zealand Knights Football Club, Newcastle United Football Club, Newcastle United Jets Football Club, Newport County Association Football Club, North Carolina Football Club, Northampton Town Football Club, Norwich City Football Club, Nottingham Forest Football Club, Notts County Football Club, Nuneaton Town Football Club, Oldham Athletic Association Football Club, Olympiacos de El Pireo, Olympique de Marsella, Orlando City Soccer Club, Orlando City Soccer Club (USL), Oxford City Football Club, Oxford United Football Club, PFC CSKA Moscú, Paris Saint-Germain Football Club, París Saint-Germain Football Club, Perth Glory Football Club, Peterborough United Football Club, Pittsburgh Riverhounds, Plymouth Argyle Football Club, Port Vale Football Club, Portsmouth Football Club, Preston North End Football Club, Puget Sound Gunners FC, Pune FC, Queens Park Rangers Football Club, RNK Split, Racing Club de Lens, Rangers Football Club, Reading Football Club, Real Club Deportivo Espanol, Real Club Deportivo Español, Real Madrid Club de Fútbol, Renown SC, SK Brann Bergen, SK Rapid Viena, SK Slovan Bratislava, SV Roedinghausen, SV Rödinghausen, SV Wilhelmshaven, Sacramento Republic FC, Salisbury City Football Club, Santos Futebol Clube, Scunthorpe United Football Club, Selección de fútbol de Noruega, Servette Football Club Geneve, Servette Football Club Genève, Shamrock Rovers Football Club, Shanghai Greenland Shenhua, Shanghái Greenland Shenhua, Sheffield United Football Club, Sheffield Wednesday Football Club, Shrewsbury Town Football Club, Soham Town Rangers Football Club, Solihull Moors Football Club, Southampton Football Club, Southend United Football Club, Southport Football Club, Sport Lisboa e Benfica, Sporting de Lisboa, Stevenage Football Club, Stockport County Football Club, Stoke City Football Club, Sunderland Association Football Club, Supersport United Football Club, Sutton United Football Club, Swansea City Association Football Club, Swindon Town Football Club, Sydney Football Club, Tamworth F. C., Thanda Royal Zulu, Toronto FC, Torquay United Football Club, Tottenham Hotspur Football Club, Tranmere Rovers Football Club, Vale of Leven FC, Ventura County Fusion, Vigor Lamezia, Vitesse Arnhem, Vitoria Sport Clube, Vitória Sport Clube, Walsall Football Club, Watford Football Club, Welling United Football Club, Wembley Football Club, West Bromwich Albion Football Club, West Ham United Football Club, Weston-super-Mare A.F.C., Weymouth Football Club, Wigan Athletic Football Club, Wigan Warriors, Wilmington Hammerheads, Wimbledon Football Club, Woking FC, Wolverhampton Wanderers Football Club, Workington Association Football Club, Wrexham Association Football Club, Wycombe Wanderers Football Club, Yeovil Town Football Club, York City Football Club, Écija Balompié, Évian Thonon Gaillard FC, Újpest Budapest FC, ŠK Slovan Bratislava",Dame todos los clubs de la Premier League.,"Arsenal Football Club, Athletic Football Club Bournemouth, Boavista Futebol Clube, Brighton & Hove Albion Football Club, Burnley Football Club, Cardiff City Football Club, Chelsea Football Club, Crystal Palace Football Club, Everton Football Club, Huddersfield Town Football Club, Leicester City Football Club, Liverpool Fútbol Club, Manchester City Football Club, Manchester United Football Club, Melchester Rovers, Middlesbrough Football Club, Newcastle United Football Club, Southampton Football Club, Stoke City Football Club, Tottenham Hotspur Football Club, Tranmere Rovers Football Club, Watford Football Club, West Ham United Football Club, Wolverhampton Wanderers Football Club",,,,64
,¿Quién es el gobernador de Wyoming?,Mark Gordon,,Matt Mead,,66
,¿Qué montañas son más altas que el Nanga Parbat?,"Cerro Ciento, Cerro El Huehuentón, Cerro Grande, Cerro Pedernal, Cho Oyu, Crested Butte, Cráteres Mono-Inyo, Dhaulagiri, Everest, Farallones del Citará, K2, Kanchenjunga, Lhotse, Lhotse Shar, Makalu, Manaslu, Monte Deborah, Monte Drum, Monte Isto, Monte Langley, Monte Timpanogos, Mount Lemmon, Pico Conejos, Pico Redondo, Pico Sonora, Pico Venado, Pico Younts, Pico del Crepúsculo, Picos Españoles, Volcán Tilocálar",,"Banua Wuhu, Cho Oyu, Cumbre sur del Monte Everest, Dhaulagiri, Kanchenjunga, Lhotse, Lhotse Medio, Lhotse Shar, Makalu, Manaslu",,174
,¿Cuál es la película de Tim Burton con el mayor presupuesto?,Alicia a través del espejo,,Big Eyes,,407
,Dame todas las películas producidas por Steven Spielberg con un presupuesto de al menos 80 milliones de dólares.,"Amistad, Bridge of Spies, Close Encounters of the Third Kind, E.T., el extraterrestre, Hook, Indiana Jones y el reino de la calavera de cristal, La lista de Schindler, Lincoln, Minority Report, Parque Jurásico, Ready Player One, Saving Private Ryan, The BFG, The Lost World: Jurassic Park, War Horse",,"A.I. Inteligencia Artificial, Indiana Jones y el reino de la calavera de cristal, La guerra de los mundos (película de 2005), Las aventuras de Tintín: el secreto del Unicornio, Minority Report, The BFG (película)",,182
,Quien desarrollado Skype? ,"Microsoft, Skype Technologies",,Microsoft,,2
,¿Quien es el jugador mas pesado del los Chicago Bulls?,Lari Ketner,,Roberto Dueñas,,186
,¿Cuál es el país más grande del mundo?,Canadá,,Organización para la Seguridad y la Cooperación en Europa,,188
,Qué es el más grande ciudad en ¿America? ,Nashville,,Nueva York,,189
,¿Cual es la moneda de China?,yuan chino,,Renminbi,,402
,¿Cuál es la zona horaria en San Pedro de Atacama?,UTC−4,,Hora oficial de Chile,,370
,Dame todas las razas de pastor alemán.,"Ace el perro maravilla, Blondi, Rajah, Rin Tin Tin",,Blondi,,185
,¿Quién asesino a John Lennon?,Mark David Chapman,,Mark David Chapman,,99
,¿Cuál es la segunda montaña más alta de la tierra?,Picos Españoles,,Kanchenjunga,,165
,¿En qué ciudad fué enterrada la antigua reina de los países bajos Juliana?,Baarn,,Delft,,95
,¿Quien actuó como el agente Smith en Matrix?,"Christopher Corey Smith, Hugo Weaving",,Hugo Weaving,,162
,¿Cuáles son los idiomas oficiales de Las Philipinas?,"filipino, inglés",,Idioma filipino,,10
,¿A quién le pertenecen los Universal Studios?,Comcast,,Comcast,,15
,¿Qué monárcas estaban casados con una persona alemana?,"Alberto I de Sajonia, Andrés II de Hungría, Augusto II de Polonia, Beatriz de los Países Bajos, Carlos Manuel III de Cerdeña, Carlos VI del Sacro Imperio Romano Germánico, Casimiro III de Polonia, Conrado II, Cunegunda de Luxemburgo, Danilo, Crown Prince of Montenegro, Enrique I de Francia, Enrique I el Pajarero, Ernesto Augusto I de Hannover, Esteban I de Hungría, Federico Carlos de Hesse-Kassel, Federico Guillermo III de Prusia, Federico Guillermo IV, Federico I de Prusia, Federico I de Wurtemberg, Federico II el Grande, Felipe II, Guillermo Federico de Wied, Guillermo I de Wurtemberg, Guillermo II, Guillermo III de los Países Bajos, Guillermo IV del Reino Unido, Guillermo V de Orange-Nassau, Herman I de Salm, Jacobo II de Escocia, Jorge I de Gran Bretaña, Jorge II de Gran Bretaña, Jorge V del Reino Unido, Luis I de Baviera, Luis III de Alemania, Luis III de Baviera, Maximiliano I de Baviera, Maximiliano II de Baviera, Miguel I de Portugal, Mindaugas II de Lituania, Pablo I de Grecia, Pedro II de Portugal, Pedro Orseolo de Hungría, Pedro V de Portugal, Princess Sophie of Schönburg-Waldenburg, Roberto del Sacro Imperio Romano Germánico, Vladislao II el Desterrado, Wenceslao II de Bohemia, William I, Count of Holland",,"Boleslao III de Polonia, Miecislao I",,17
,¿Qué museo en Nueva York tiene el mayor numero de visitantes?,Museo Metropolitano de Arte,,Museo Americano de Historia Natural,,408
,¿Qué armas crearon Heckler y Koch?,"Heckler & Koch AG36, Heckler & Koch G11, Heckler & Koch G3, Heckler & Koch G41, Heckler & Koch HK21, Heckler & Koch HK417, Heckler & Koch HK69A1, Heckler & Koch MG4, Heckler & Koch P9, Heckler & Koch PSG1, Rifle automático m27, XM29 OICW",,"Heckler & Koch AG36, Heckler & Koch G11, Heckler & Koch G3, Heckler & Koch HK417, Heckler & Koch HK69A1, Heckler & Koch MG4, Heckler & Koch PSG1, Rifle automático M27, XM25 CDTE",,153
,¿Qué partido gobierna en Lisboa?,Partido Socialista,,Partido Socialista (Portugal),,155
,Qué es el pequeñísimo ciudad por zona en ¿Alemania? ,Berlín,,Peenemünde,,154
,Dame todos los episodios de la prímera época de la serie de HBO Los Sporanos.,"46 Largo, Boca, Isabella, La leyenda de Tennessee Moltisanti, Meadowlands, Nadie sabe nada, Negación, enfado y aceptación, Pax Soprana, Piloto, Regreso a Down Neck, Sueño con Jeannie Cusamano, Un éxito es un éxito, Universidad",,"46 Largo, Boca (episodio de Los Soprano), Isabella (episodio de Los Soprano), La leyenda de Tennessee Moltisanti, Meadowlands (episodio de Los Soprano), Nadie sabe nada, Negación, enfado y aceptación, Pax Soprana, Piloto (Los Soprano), Regreso a Down Neck, Sueño con Jeannie Cusamano, Un éxito es un éxito, Universidad (episodio de Los Soprano)",,158
,¿Qué forma de gobierno tiene Rusia?,"democracia representativa, república federal, semipresidencialismo",,Federalismo,,382
,Dónde es Sungkyunkwan ¿Universidad? ,Seúl,,Universidad Sungkyunkwan,,237
"Estacion de la Fuerza Aerea de Cabo Canaveral Complejo de lanzamiento espacial 17, Estación de la Fuerza Aérea de Cabo Cañaveral Complejo de lanzamiento espacial 17",Dame todas las plataformas de lanzamiento operadas por la NASA.,,,"Centro Espacial Luigi Broglio, Complejo de lanzamiento 39",,231
,¿Qué puente tiene el mayor largo del vano?,Puente Duge,,Gran Puente de Akashi Kaikyō,,357
,¿Cuantos puentes cruzan el Siena?,"Pont Louis-Philippe, Pont au Change, Pont de Bezons, Puente Boieldieu, Puente Charles de Gaulle, Puente Marie, Puente amont, Puente aval, Puente de Austerlitz, Puente de Sully, Puente de Tolbiac, Puente de los Inválidos, Puente del Alma, Puente del Arzobispado, Puente del Carrousel, Puente del Garigliano, Viaducto de Auteuil",,"Pasarela Debilly, Pasarela Simone de Beauvoir, Pont Louis-Philippe, Pont Notre-Dame, Pont Royal, Pont au Change, Pont au Double, Puente Alejandro III, Puente Charles de Gaulle, Puente Marie, Puente Nacional (París), Puente Nuevo (París), Puente amont, Puente aval, Puente de Austerlitz, Puente de Bercy, Puente de Bir-Hakeim, Puente de Grenelle, Puente de Jena, Puente de Normandía, Puente de Rouelle, Puente de Sully, Puente de Tolbiac, Puente de la Tournelle, Puente de los Inválidos, Puente del Alma, Puente del Arzobispado, Puente del Carrousel, Puente del Garigliano, Viaducto de Austerlitz",,48
,Dame una lista de los clubs de futbol que juegan en Bundesliga.,"1. FSV Mainz 05, 1. Fußballclub Union Berlin, Bayer 04 Leverkusen, Borussia Dortmund, Borussia Mönchengladbach, Eintracht Frankfurt, F. C. Bayern Múnich, F. C. Núremberg, FC Ingolstadt 04, FC Schalke 04, Fortuna Düsseldorf, Hertha BSC Berlín, RB Leipzig, SC Friburgo, SV Darmstadt 98, TSG 1899 Hoffenheim, VfB Stuttgart, VfL Wolfsburgo, Werder Bremen",,"1. FSV Mainz 05, Bayer 04 Leverkusen, Bayern de Múnich, Borussia Dortmund, Borussia Mönchengladbach, Eintracht Fráncfort, F. C. Augsburgo, F. C. Colonia, FC Ingolstadt 04, FC Schalke 04, Hamburgo S.V., Hertha Berliner Sport Club, RasenBallsport Leipzig, SC Friburgo, SV Darmstadt 98, TSG 1899 Hoffenheim, VfL Wolfsburgo, Werder Bremen",,46
,¿Qué tipo de música tocaba Lou Reed?,"Blue-eyed soul, Spoken word, art rock, avant-rock, drone, folk rock, glam rock, noise rock, proto-punk, rock, rock alternativo, rock psicodélico",,"Art rock, Glam rock, Música experimental, Proto-punk, Rock",,44
,¿Dónde juegan los Red Sox?,Fenway Park,,Fenway Park,,45
,Dame todas las cosmonautas.,"Aleksandr Aleksandrovich Volkov, Aleksandr Ivanchenkov, Aleksandr Kaleri, Aleksandr Laveykin, Aleksandr Lazutkin, Aleksandr Nikolayevich Balandin, Aleksandr Pavlovich Aleksandrov, Aleksandr Poleshchuk, Aleksandr Samokutiàiev, Aleksandr Skvortsov, Aleksei Gubarev, Aleksei Yeliseyev, Aleksey Ovchinin, Alekséi Leónov, Alexander Jabloncev, Alexander Misurkin, Alexander Viktorenko, Alexandr Serebrov, Anatoli Beriozovói, Anatoli Ivanishin, Anatoli Levchenko, Anatoli Soloviov, Anatoly Artsebarsky, Anatoly Filipchenko, Andrei Babkin, Andrei Borisenko, Andrián Nikoláyev, Anna Kikina, Anton Shkaplerov, Boris Andreyev, Boris Morukov, Boris Volynov, Boris Yegorov, Denis Matveev, Dmitri Kondrátiev, Dmitrij Petelin, Eduard Stepanov, Evgeny Tarelkin, Fyodor Yurchikhin, Gennadi Manakov, Gennadi Sarafanov, Gennadi Strekalov, Gennady Padalka, Georgi Dobrovolski, Georgy Beregovoy, Georgy Grechko, Georgy Shonin, German Szemjonovics Arzamazov, Guerman Titov, Ignat Ignatov, Irina Rudolfovna Pronyina, Irina Solovyova, Ivan Vagner, Ivanov Georgievich Leonid, Jevgenyij Vlagyimirovics Szalej, Konstantin Kozeyev, Konstantin Valkov, Konstantín Feoktístov, Leonid Kadeniuk, Leonid Kizim, Leonid Popov, Lev Diomin, Maksim Ponomaryov, Maksim Suràiev, Mikhail Lisun, Mikhail Rasputin, Mikhail Tyurin, Mikhaïl Kornienko, Mukhtar Aymakhanov, Musa Manarov, Nagyezsda Vasziljevna Kuzselnaja, Nail Sattarov, Nikolai Budarin, Nikolai Tikhonov (cosmonaut), Nikolay Rukavishnikov, Oleg Artemyev, Oleg Atkov, Oleg Grigoryevich Makarov, Oleg Kononenko, Oleg Kotov, Oleg Novitskiy, Oleg Skripochka, Pavel Popovich, Pavel Vinogradov, Pyotr Klimuk, Pável Beliáyev, Roman Romanenko, Salizhan Sharipov, Sergei Krikalev, Sergei Revin, Sergei Treshchov, Sergei Zalyotin, Sergej Korsakov, Sergey Moshchenko, Sergey Nikolaevich Gaidukov,, Sergey Nikolayevich Ryzhikov, Sergey Prokopyev, Sergey Zhukov, Serguéi Riazanski, Sergéi Avdéyev, Sergéi Vólkov, Svetlana Savítskaya, Szergej Valerjevics Kosztyenko, Talgat Musabayev, Tatyana Kuznetsova, Toktar Aubakirov, Valentin Lebedev, Valentina Ponomaryova, Valentina Tereshkova, Valentín Bondarenko, Valeri Bykovski, Valeri Kubasov, Valeri Poliakov, Valeri Tokarev, Valery Korzun, Valery Rozhdestvensky, Valery Ryumin, Vasily Lazarev, Vasily Tsibliyev, Viktor Savinykh, Vitali Zhólobov, Vitaly Sevastyanov, Vladimir Aksyonov, Vladimir Dezhurov, Vladimir Dzhanibekov, Vladimir Kovalyonok, Vladimir Titov, Vladimir Vasyutin, Vladislav Vólkov, Vladímir Liájov, Vladímir Mijáilovich Komarov, Vladímir Shatálov, Vladímir Soloviov, Vyacheslav Zudov, Víktor Afanásiev, Víktor Gorbatko, Víktor Patsáyev, Yekaterina Ivanova, Yelena Kondakova, Yelena Serova, Yevgeny Khrunov, Yuri Baturin, Yuri Gagarin, Yuri Gidzenko, Yuri Malenchenko, Yuri Senkevich, Yuri Shargin, Yury Artyukhin, Yury Glazkov, Yury Lonchakov, Yury Onufriyenko, Yury Romanenko, Yury Usachov, Yury Vasilyevich Malyshev, Zhanna Yorkina, Ígor Volk",,"Aleksandr Aleksandrovich Skvortsov, Aleksandr Kaleri, Aleksandr Misurkin, Aleksandr Samokutiáyev, Aleksandr Serebrov, Alekséi Gúbarev, Alexander Viktorenko, Anatoli Beriozovói, Anatoli Soloviov, Andrián Nikoláyev, Anton Shkaplerov, Boris Morukov, Dmitri Kondrátiev, Fiódor Yurchijin, Guennadi Pádalka, Gueorgui Dobrovolski, Guerman Titov, Leonid Kizim, Lev Diomin, Maksim Surayev, Mijaíl Korniyenko, Mijaíl Tiurin, Oleg Artemyev, Oleg Kononenko, Oleg Kótov, Oleg Novitski, Pável Beliáyev, Pável Vinográdov, Román Romanenko, Serguéi Avdéyev, Serguéi Krikaliov, Serguéi Revin, Serguéi Riazanski, Serguéi Vólkov, Serguéi Zaliotin, Svetlana Savítskaya, Valentina Tereshkova, Valeri Bykovski, Valeri Kubásov, Vitali Zhólobov, Vladislav Vólkov, Vladímir Mijáilovich Komarov, Vladímir Soloviov (cosmonauta), Víktor Afanásiev, Víktor Gorbatko, Víktor Patsáyev, Yelena Kondakova, Yelena Serova, Yevgueni Tarelkin, Yuri Baturin, Yuri Guidzenko",,41
"Juego de guerra, Twilight Struggle",Lista todas juegos de mesa por GMT. ,,,Twilight Struggle,,1
"La casa de Mickey Mouse, Mickey Mouse Club",¿Que tipo de uva crece en Oregon?,,,"Albariño, Aligoté, Arneis, Barbera (uva), Bastardo (uva), Blaufränkisch, Cabernet franc, Cabernet sauvignon, Carmenere, Chardonnay, Chasselas, Chenin blanc, Dolcetto, Durif, Ehrenfelser, Fiano (uva), Garnacha (uva), Garnacha blanca, Graciano (uva), Huxelrebe, Lagrein, Malbec, Malvasía (uva), Marsanne (uva), Melón de Borgoña, Merlot (uva), Monastrell (uva), Moscatel negro, Muscat ottonel, Nebbiolo, Petit Verdot, Petit manseng, Pinot blanc, Pinot gris, Pinot meunier, Pinot noir, Pinotage, Riesling (uva), Roussanne, Sangiovese, Sauvignon (uva), Scheurebe, Semillón, St. Laurent (uva), Syrah (uva), Tannat (uva), Tempranillo (uva), Teroldego, Touriga nacional, Verdejo (uva), Vermentino, Viognier, Zinfandel",,323
,¿Cuál es el hijo mas mayor de Meryl Streep?,Henry Wolfe Gummer,,Mamie Gummer,,320
,Dame todos los actores de películas dirigidas por William Shatner en las qué también haya actúado el mismo.,"Amy Acker, Avery Brooks, Brenda Bakke, Chase Masterson, Chris Pine, Christopher Plummer, Connor Trinneer, Dan Gauthier, Dan Martin, David Warner, DeForest Kelley, DeForest Kelley, Dick Van Patten, Duane Whitaker, George Takei, Grace Lee Whitney, Ira Steven Behr, James Doohan, John de Lancie, Jonathan Frakes, Kate Mulgrew, Laurence Luckinbill, Leonard Nimoy, Leonard Nimoy, Nana Visitor, Nichelle Nichols, Patrick Stewart, Rene Auberjonois, Rickey Medlocke, Robert Picardo, Sally Kellerman, Scott Bakula, Tom Towles, Walter Koenig, Walter Koenig, William Shatner, William Shatner, William Shatner",,,"Groom Lake, Star Trek V: The Final Frontier, The Tenth Level",9
,¿Qué científicos son conocidos por el proyecto Manhattan y el premio Nobel de la Paz?,"Aage Niels Bohr, Albert Einstein, Arthur Compton, Edwin Mattison McMillan, Emilio Gino Segrè, Enrico Fermi, Ernest Lawrence, Eugene Paul Wigner, Felix Bloch, Frederick Reines, Glenn T. Seaborg, Hans Bethe, Harold Clayton Urey, Hermann Joseph Muller, Isidor Isaac Rabi, James Chadwick, James Franck, Jerome Karle, John Douglas Cockcroft, John Hasbrouck van Vleck, Józef Rotblat, Leo James Rainwater, Luis Walter Álvarez, Maria Goeppert Mayer, Maurice Wilkins, Niels Bohr, Norman Foster Ramsey, Owen Chamberlain, Richard Feynman, Roy Jay Glauber, Subrahmanyan Chandrasekhar, Val Logsdon Fitch, Willard Libby",,Józef Rotblat,,328
,¿Quien es el manager de Real Madrid?,Zinedine Zidane,,Zinedine Zidane,,146
,¿En qué país nace el Nilo?,Burundi,,"Etiopía, Ruanda",,205
,¿Cuál es el estadio más grande de España?,Nuevo Estadio de Los Cármenes,,Estadio Vicente Calderón,,207
,En cual estado Penn Estado Universidad es ¿situado? ,State College,,Pensilvania,,206
,Dame todos los astronautas de la ESA.,"Alexander Gerst, Claude Nicollier, Luca Parmitano, Léopold Eyharts, Matthias Maurer, Maurizio Cheli, Pedro Duque, Samantha Cristoforetti, Sigmund Jähn, Thomas Reiter, Timothy Peake, Umberto Guidoni",,Dirk Frimout,,73
,¿Qué papa fue el sucesor de Juan Pablo II?,"Benedicto XVI, Franciszek Macharski",,Benedicto XVI,,72
,Dame todos los cancilleres alemanos.,"Angela Merkel, Gerhard Schröder, Helmut Kohl, Helmut Schmidt, Konrad Adenauer, Kurt Georg Kiesinger, Ludwig Erhard, Walter Scheel, Willy Brandt",,"Adolf Hitler, Angela Merkel, Clodoveo de Hohenlohe-Schillingsfürst, Friedrich Ebert, Gerhard Schröder, Helmut Kohl, Helmut Schmidt, Konrad Adenauer, Kurt Georg Kiesinger, Leo von Caprivi, Ludwig Erhard, Otto von Bismarck, Philipp Scheidemann, Willy Brandt",,78
,¿Qué compañías de electrónica fueron fundadas en Pekín?,Lenovo,,Lenovo,,263
,¿En qué ciudad se encuentra la sede de las Naciones Unidas?,Nueva York,,Nueva York,,404
,¿A qué estilo artístico pertenece el pinto de Los Tres Bailarines?,"cubismo, posimpresionismo, surrealismo",,"Cubismo, Surrealismo",,355
,¿Quién es el anfitrión de los especiales de la BBC Wildlife?,BBC One,,David Attenborough,,352
John Augustus Roebling,¿Quién diseñó la Brooklyn Bridge?,John Augustus Roebling,,,,350
