,DBpedia
http://dbpedia.org/class/Book,0.9720504009163803
http://dbpedia.org/ontology/AcademicConference,0.9819819819819819
http://dbpedia.org/ontology/AcademicJournal,0.9946937363017649
http://dbpedia.org/ontology/Activity,0.16975279631544318
http://dbpedia.org/ontology/Actor,0.9888475836431226
http://dbpedia.org/ontology/AdministrativeRegion,0.9947560350803171
http://dbpedia.org/ontology/AdultActor,0.9977528089887641
http://dbpedia.org/ontology/Agent,0.791056513598898
http://dbpedia.org/ontology/Aircraft,0.9970620639001102
http://dbpedia.org/ontology/Airline,0.9950727358047865
http://dbpedia.org/ontology/Airport,0.9864732631094226
http://dbpedia.org/ontology/Album,0.9458602700746325
http://dbpedia.org/ontology/AmateurBoxer,1.0
http://dbpedia.org/ontology/Ambassador,0.9984350547730829
http://dbpedia.org/ontology/AmericanFootballLeague,1.0
http://dbpedia.org/ontology/AmericanFootballPlayer,0.9969309014380919
http://dbpedia.org/ontology/AmericanFootballTeam,1.0
http://dbpedia.org/ontology/Amphibian,1.0
http://dbpedia.org/ontology/AmusementParkAttraction,0.9986046511627907
http://dbpedia.org/ontology/AnatomicalStructure,0.9986175115207373
http://dbpedia.org/ontology/Animal,0.9998871503287832
http://dbpedia.org/ontology/AnimangaCharacter,1.0
http://dbpedia.org/ontology/Anime,0.35705923671271367
http://dbpedia.org/ontology/Arachnid,1.0
http://dbpedia.org/ontology/Archaea,1.0
http://dbpedia.org/ontology/Architect,0.9610002294104152
http://dbpedia.org/ontology/ArchitecturalStructure,0.9772782114101396
http://dbpedia.org/ontology/Artery,0.9871589085072231
http://dbpedia.org/ontology/ArtificialSatellite,0.9973935708079931
http://dbpedia.org/ontology/Artist,0.9959295732617129
http://dbpedia.org/ontology/ArtistDiscography,0.931361395525218
http://dbpedia.org/ontology/Artwork,0.9932234918947648
http://dbpedia.org/ontology/Asteroid,0.021618282890673256
http://dbpedia.org/ontology/Astronaut,0.9969418960244648
http://dbpedia.org/ontology/Athlete,0.9971324572519046
http://dbpedia.org/ontology/AustralianFootballLeague,1.0
http://dbpedia.org/ontology/AustralianFootballTeam,0.9979674796747967
http://dbpedia.org/ontology/AustralianRulesFootballPlayer,0.9979085979860574
http://dbpedia.org/ontology/AutoRacingLeague,1.0
http://dbpedia.org/ontology/Automobile,0.7470872794167746
http://dbpedia.org/ontology/AutomobileEngine,0.0258048194295111
http://dbpedia.org/ontology/Award,0.9942297471718169
http://dbpedia.org/ontology/Bacteria,0.9990079365079365
http://dbpedia.org/ontology/BadmintonPlayer,0.9993060374739764
http://dbpedia.org/ontology/Band,0.8953495167190659
http://dbpedia.org/ontology/Bank,0.9986702127659575
http://dbpedia.org/ontology/Baronet,0.9481481481481482
http://dbpedia.org/ontology/BaseballLeague,0.9987293519695044
http://dbpedia.org/ontology/BaseballPlayer,0.9953862894450489
http://dbpedia.org/ontology/BaseballSeason,1.0
http://dbpedia.org/ontology/BaseballTeam,0.9658536585365853
http://dbpedia.org/ontology/BasketballLeague,1.0
http://dbpedia.org/ontology/BasketballPlayer,0.9980551053484603
http://dbpedia.org/ontology/BasketballTeam,0.9994511525795828
http://dbpedia.org/ontology/Bay,1.0
http://dbpedia.org/ontology/BeachVolleyballPlayer,1.0
http://dbpedia.org/ontology/BeautyQueen,0.9884068810770381
http://dbpedia.org/ontology/Beverage,0.987360970677452
http://dbpedia.org/ontology/BiologicalDatabase,0.9949443882709808
http://dbpedia.org/ontology/Biomolecule,0.9358663776616091
http://dbpedia.org/ontology/Bird,0.9998538439052909
http://dbpedia.org/ontology/BodyOfWater,0.9427653606008506
http://dbpedia.org/ontology/Bodybuilder,0.9851694915254238
http://dbpedia.org/ontology/Bone,1.0
http://dbpedia.org/ontology/Book,0.993262186149533
http://dbpedia.org/ontology/BowlingLeague,1.0
http://dbpedia.org/ontology/Boxer,0.9945260731777585
http://dbpedia.org/ontology/BoxingLeague,1.0
http://dbpedia.org/ontology/Brain,0.9938556067588326
http://dbpedia.org/ontology/Brewery,1.0
http://dbpedia.org/ontology/Bridge,0.9913205207687539
http://dbpedia.org/ontology/BritishRoyalty,0.9478908188585607
http://dbpedia.org/ontology/BroadcastNetwork,0.9298874104401228
http://dbpedia.org/ontology/Broadcaster,0.9961318733634849
http://dbpedia.org/ontology/Building,0.9927412640547073
http://dbpedia.org/ontology/BusCompany,0.9979986657771848
http://dbpedia.org/ontology/BusinessPerson,0.9601930036188179
http://dbpedia.org/ontology/CanadianFootballLeague,1.0
http://dbpedia.org/ontology/CanadianFootballTeam,1.0
http://dbpedia.org/ontology/Canal,1.0
http://dbpedia.org/ontology/Canoeist,1.0
http://dbpedia.org/ontology/Cardinal,0.9987187700192185
http://dbpedia.org/ontology/CareerStation,3.68452672765923e-05
http://dbpedia.org/ontology/Cartoon,0.5247576177285319
http://dbpedia.org/ontology/Case,1.0
http://dbpedia.org/ontology/Castle,0.9990169574834111
http://dbpedia.org/ontology/Cave,0.9958376690946931
http://dbpedia.org/ontology/CelestialBody,0.8576153324287653
http://dbpedia.org/ontology/Chancellor,1.0
http://dbpedia.org/ontology/Cheese,0.9950083194675541
http://dbpedia.org/ontology/Chef,0.9672131147540983
http://dbpedia.org/ontology/ChemicalCompound,0.9990987868284229
http://dbpedia.org/ontology/ChemicalElement,0.0
http://dbpedia.org/ontology/ChemicalSubstance,0.9991371406999946
http://dbpedia.org/ontology/ChessPlayer,0.9993997599039616
http://dbpedia.org/ontology/ChristianBishop,0.9971269871672094
http://dbpedia.org/ontology/City,0.9252747252747253
http://dbpedia.org/ontology/ClassicalMusicArtist,0.984472049689441
http://dbpedia.org/ontology/ClassicalMusicComposition,0.9958534899792675
http://dbpedia.org/ontology/Cleric,0.9915435852881552
http://dbpedia.org/ontology/ClericalAdministrativeRegion,0.9996956786366403
http://dbpedia.org/ontology/ClubMoss,1.0
http://dbpedia.org/ontology/Coach,0.9943221160504085
http://dbpedia.org/ontology/College,1.0
http://dbpedia.org/ontology/CollegeCoach,0.8386998784933172
http://dbpedia.org/ontology/Colour,0.5986038394415357
http://dbpedia.org/ontology/Comedian,0.9985283296541575
http://dbpedia.org/ontology/ComedyGroup,1.0
http://dbpedia.org/ontology/Comic,0.9372460496613996
http://dbpedia.org/ontology/ComicStrip,0.9826254826254827
http://dbpedia.org/ontology/ComicsCharacter,0.9989706639217705
http://dbpedia.org/ontology/ComicsCreator,1.0
http://dbpedia.org/ontology/Company,0.9167209908735332
http://dbpedia.org/ontology/ConcentrationCamp,0.9875
http://dbpedia.org/ontology/Congressman,0.9985640436530729
http://dbpedia.org/ontology/Conifer,1.0
http://dbpedia.org/ontology/Constellation,1.0
http://dbpedia.org/ontology/Continent,1.0
http://dbpedia.org/ontology/Convention,0.9953440248318676
http://dbpedia.org/ontology/Country,0.9690940845926038
http://dbpedia.org/ontology/Crater,1.0
http://dbpedia.org/ontology/CricketGround,0.9846153846153847
http://dbpedia.org/ontology/CricketLeague,1.0
http://dbpedia.org/ontology/CricketTeam,0.9958734525447043
http://dbpedia.org/ontology/Cricketer,0.995036925275947
http://dbpedia.org/ontology/Criminal,0.982831227729187
http://dbpedia.org/ontology/Crustacean,1.0
http://dbpedia.org/ontology/CultivatedVariety,0.9990693345742205
http://dbpedia.org/ontology/Curler,1.0
http://dbpedia.org/ontology/CurlingLeague,1.0
http://dbpedia.org/ontology/Currency,0.9779904306220095
http://dbpedia.org/ontology/Cycad,1.0
http://dbpedia.org/ontology/CyclingRace,1.0
http://dbpedia.org/ontology/CyclingTeam,1.0
http://dbpedia.org/ontology/Cyclist,0.9975026182228309
http://dbpedia.org/ontology/Dam,0.9902187902187902
http://dbpedia.org/ontology/DartsPlayer,1.0
http://dbpedia.org/ontology/Database,1.0
http://dbpedia.org/ontology/Device,0.43759332774884363
http://dbpedia.org/ontology/Diocese,0.9997536945812808
http://dbpedia.org/ontology/Disease,0.9940632334667955
http://dbpedia.org/ontology/Document,0.0
http://dbpedia.org/ontology/Drug,0.9982220246694077
http://dbpedia.org/ontology/Earthquake,1.0
http://dbpedia.org/ontology/Economist,0.9949537426408747
http://dbpedia.org/ontology/EducationalInstitution,0.9969745793054063
http://dbpedia.org/ontology/Election,0.9983047654925598
http://dbpedia.org/ontology/Embryology,1.0
http://dbpedia.org/ontology/Engine,0.025064877523893917
http://dbpedia.org/ontology/Engineer,1.0
http://dbpedia.org/ontology/Entomologist,1.0
http://dbpedia.org/ontology/Enzyme,0.9926397453749751
http://dbpedia.org/ontology/EthnicGroup,0.9867568873852103
http://dbpedia.org/ontology/Eukaryote,0.9999801774776501
http://dbpedia.org/ontology/EurovisionSongContestEntry,0.9776440240756664
http://dbpedia.org/ontology/Event,0.8052279494219095
http://dbpedia.org/ontology/Farmer,1.0
http://dbpedia.org/ontology/Fashion,0.9394321766561514
http://dbpedia.org/ontology/FashionDesigner,0.9822109275730623
http://dbpedia.org/ontology/Fern,1.0
http://dbpedia.org/ontology/FictionalCharacter,0.9954222934309911
http://dbpedia.org/ontology/FieldHockeyLeague,1.0
http://dbpedia.org/ontology/FigureSkater,0.9116262223831945
http://dbpedia.org/ontology/Film,0.9969057194772415
http://dbpedia.org/ontology/FilmFestival,0.9989816700610998
http://dbpedia.org/ontology/Fish,0.9998968646864687
http://dbpedia.org/ontology/FloweringPlant,1.0
http://dbpedia.org/ontology/Food,0.9957997599862849
http://dbpedia.org/ontology/FootballLeagueSeason,0.9849097654179799
http://dbpedia.org/ontology/FootballMatch,0.9956357865502876
http://dbpedia.org/ontology/FormulaOneRacer,0.9140096618357488
http://dbpedia.org/ontology/FormulaOneTeam,0.9563758389261745
http://dbpedia.org/ontology/Fungus,0.9999122191011236
http://dbpedia.org/ontology/GaelicGamesPlayer,0.9946538358727612
http://dbpedia.org/ontology/Galaxy,0.9688164422395464
http://dbpedia.org/ontology/Game,0.994279176201373
http://dbpedia.org/ontology/Garden,0.923202614379085
http://dbpedia.org/ontology/Gene,0.5
http://dbpedia.org/ontology/GeneLocation,0.0
http://dbpedia.org/ontology/Genre,0.996
http://dbpedia.org/ontology/Ginkgo,1.0
http://dbpedia.org/ontology/GivenName,0.9997566317838891
http://dbpedia.org/ontology/Glacier,0.9961734693877551
http://dbpedia.org/ontology/Gnetophytes,1.0
http://dbpedia.org/ontology/GolfCourse,0.9864029666254636
http://dbpedia.org/ontology/GolfLeague,1.0
http://dbpedia.org/ontology/GolfPlayer,0.9782433521353747
http://dbpedia.org/ontology/GolfTournament,0.999275887038378
http://dbpedia.org/ontology/GovernmentAgency,0.9675168125872351
http://dbpedia.org/ontology/Governor,0.9981837994914639
http://dbpedia.org/ontology/GrandPrix,0.9978962131837307
http://dbpedia.org/ontology/Grape,0.9668769716088328
http://dbpedia.org/ontology/GreenAlga,1.0
http://dbpedia.org/ontology/GridironFootballPlayer,0.9962081393602643
http://dbpedia.org/ontology/Group,0.9974428961356127
http://dbpedia.org/ontology/Guitarist,0.9931972789115646
http://dbpedia.org/ontology/Gymnast,0.9995030644359781
http://dbpedia.org/ontology/HandballLeague,1.0
http://dbpedia.org/ontology/HandballPlayer,0.9995619798510732
http://dbpedia.org/ontology/HandballTeam,0.9770992366412213
http://dbpedia.org/ontology/Historian,0.9440745672436751
http://dbpedia.org/ontology/HistoricBuilding,0.9980985812490859
http://dbpedia.org/ontology/HistoricPlace,0.984770461268763
http://dbpedia.org/ontology/HockeyTeam,0.9718724886150549
http://dbpedia.org/ontology/Holiday,0.9967963386727688
http://dbpedia.org/ontology/HollywoodCartoon,1.0
http://dbpedia.org/ontology/Horse,1.0
http://dbpedia.org/ontology/HorseRace,0.8222365869424693
http://dbpedia.org/ontology/HorseRider,0.9857612267250822
http://dbpedia.org/ontology/HorseTrainer,0.996969696969697
http://dbpedia.org/ontology/Hospital,0.9958451782199869
http://dbpedia.org/ontology/Hotel,0.9984962406015038
http://dbpedia.org/ontology/HumanGene,1.0
http://dbpedia.org/ontology/HumanGeneLocation,0.0
http://dbpedia.org/ontology/IceHockeyLeague,1.0
http://dbpedia.org/ontology/IceHockeyPlayer,0.9941113216242511
http://dbpedia.org/ontology/Image,0.0
http://dbpedia.org/ontology/InformationAppliance,0.9957850368809273
http://dbpedia.org/ontology/Infrastructure,0.9627008810047573
http://dbpedia.org/ontology/InlineHockeyLeague,1.0
http://dbpedia.org/ontology/Insect,0.9956083730469928
http://dbpedia.org/ontology/Instrumentalist,0.9931972789115646
http://dbpedia.org/ontology/Island,0.9813206619695232
http://dbpedia.org/ontology/Jockey,0.9853587115666179
http://dbpedia.org/ontology/Journalist,0.944604731679169
http://dbpedia.org/ontology/Judge,0.9406037000973709
http://dbpedia.org/ontology/LacrosseLeague,1.0
http://dbpedia.org/ontology/LacrossePlayer,0.9979253112033195
http://dbpedia.org/ontology/Lake,0.8450825204000245
http://dbpedia.org/ontology/Language,0.981379821958457
http://dbpedia.org/ontology/LaunchPad,1.0
http://dbpedia.org/ontology/LawFirm,1.0
http://dbpedia.org/ontology/Lawyer,1.0
http://dbpedia.org/ontology/LegalCase,1.0
http://dbpedia.org/ontology/Legislature,0.9881271543469935
http://dbpedia.org/ontology/Library,0.9892072943803498
http://dbpedia.org/ontology/Ligament,1.0
http://dbpedia.org/ontology/Lighthouse,0.9412008281573498
http://dbpedia.org/ontology/Location,0.9884605356987668
http://dbpedia.org/ontology/Locomotive,0.9852352352352353
http://dbpedia.org/ontology/Lymph,1.0
http://dbpedia.org/ontology/Magazine,0.9728035814213766
http://dbpedia.org/ontology/Mammal,0.999735257131511
http://dbpedia.org/ontology/Manga,0.9000793021411578
http://dbpedia.org/ontology/MartialArtist,0.9896878483835005
http://dbpedia.org/ontology/Mayor,0.990726429675425
http://dbpedia.org/ontology/MeanOfTransportation,0.9384034666034734
http://dbpedia.org/ontology/Medician,1.0
http://dbpedia.org/ontology/MemberOfParliament,0.9949475320637389
http://dbpedia.org/ontology/MilitaryConflict,0.9673010694217872
http://dbpedia.org/ontology/MilitaryPerson,0.9726927497126867
http://dbpedia.org/ontology/MilitaryStructure,0.9960159362549801
http://dbpedia.org/ontology/MilitaryUnit,0.9696856071531583
http://dbpedia.org/ontology/Mineral,1.0
http://dbpedia.org/ontology/MixedMartialArtsEvent,0.8009803921568628
http://dbpedia.org/ontology/MixedMartialArtsLeague,1.0
http://dbpedia.org/ontology/Model,0.9948394495412844
http://dbpedia.org/ontology/Mollusca,0.9998761993190962
http://dbpedia.org/ontology/Monarch,0.9996197718631179
http://dbpedia.org/ontology/Monument,0.9911504424778761
http://dbpedia.org/ontology/Moss,1.0
http://dbpedia.org/ontology/Motorcycle,0.9926322839919625
http://dbpedia.org/ontology/MotorcycleRacingLeague,1.0
http://dbpedia.org/ontology/MotorcycleRider,0.998
http://dbpedia.org/ontology/MotorsportRacer,0.9944951242529098
http://dbpedia.org/ontology/MotorsportSeason,0.26734531392174704
http://dbpedia.org/ontology/Mountain,0.996439660525771
http://dbpedia.org/ontology/MountainPass,0.9980781550288277
http://dbpedia.org/ontology/MountainRange,0.9510527754990429
http://dbpedia.org/ontology/MouseGene,0.0
http://dbpedia.org/ontology/MouseGeneLocation,0.0
http://dbpedia.org/ontology/Murderer,0.98989898989899
http://dbpedia.org/ontology/Muscle,0.9971671388101983
http://dbpedia.org/ontology/Museum,0.9899085164576064
http://dbpedia.org/ontology/MusicFestival,0.9634369287020109
http://dbpedia.org/ontology/MusicGenre,0.893593761387654
http://dbpedia.org/ontology/Musical,0.9951272333513806
http://dbpedia.org/ontology/MusicalArtist,0.7868070660829837
http://dbpedia.org/ontology/MusicalWork,0.9587218253626723
http://dbpedia.org/ontology/MythologicalFigure,0.9985074626865672
http://dbpedia.org/ontology/NCAATeamSeason,1.0
http://dbpedia.org/ontology/Name,0.9984072810011376
http://dbpedia.org/ontology/NascarDriver,0.9932562620423893
http://dbpedia.org/ontology/NationalCollegiateAthleticAssociationAthlete,0.9896373056994818
http://dbpedia.org/ontology/NationalFootballLeagueEvent,1.0
http://dbpedia.org/ontology/NationalFootballLeagueSeason,0.9997092177958709
http://dbpedia.org/ontology/NaturalEvent,1.0
http://dbpedia.org/ontology/NaturalPlace,0.9618643443408043
http://dbpedia.org/ontology/Nerve,0.9978768577494692
http://dbpedia.org/ontology/NetballPlayer,0.9961977186311787
http://dbpedia.org/ontology/Newspaper,0.9906524407515815
http://dbpedia.org/ontology/Noble,0.980682213713888
http://dbpedia.org/ontology/Non:ProfitOrganisation,0.9994850669412977
http://dbpedia.org/ontology/Novel,1.0
http://dbpedia.org/ontology/OfficeHolder,0.9601993643455649
http://dbpedia.org/ontology/OlympicEvent,0.8938307030129125
http://dbpedia.org/ontology/OlympicResult,1.0
http://dbpedia.org/ontology/Olympics,1.0
http://dbpedia.org/ontology/Organisation,0.9961593814134498
http://dbpedia.org/ontology/OrganisationMember,0.0021074650116837106
http://dbpedia.org/ontology/Painter,0.9960079840319361
http://dbpedia.org/ontology/Park,0.9718518518518519
http://dbpedia.org/ontology/PeriodicalLiterature,0.9951710261569416
http://dbpedia.org/ontology/Person,0.8072724130212725
http://dbpedia.org/ontology/PersonFunction,0.05860354565079919
http://dbpedia.org/ontology/Philosopher,0.9942827442827443
http://dbpedia.org/ontology/Photographer,0.9651416122004357
http://dbpedia.org/ontology/Place,0.9889495994201433
http://dbpedia.org/ontology/Planet,0.9797365754812564
http://dbpedia.org/ontology/Plant,0.998664445980768
http://dbpedia.org/ontology/Play,0.9911236635061529
http://dbpedia.org/ontology/PlayboyPlaymate,0.9963503649635036
http://dbpedia.org/ontology/Poem,0.9892134831460674
http://dbpedia.org/ontology/Poet,0.9902597402597403
http://dbpedia.org/ontology/PokerPlayer,0.997093023255814
http://dbpedia.org/ontology/PoliticalParty,0.9667154764586618
http://dbpedia.org/ontology/Politician,0.9530892448512586
http://dbpedia.org/ontology/PoloLeague,1.0
http://dbpedia.org/ontology/Pope,0.9839357429718876
http://dbpedia.org/ontology/PopulatedPlace,0.99936913034812
http://dbpedia.org/ontology/PowerStation,0.43798024149286496
http://dbpedia.org/ontology/Presenter,0.9962406015037594
http://dbpedia.org/ontology/President,0.9959514170040485
http://dbpedia.org/ontology/Priest,1.0
http://dbpedia.org/ontology/PrimeMinister,0.9979050279329609
http://dbpedia.org/ontology/Prison,0.9994490358126722
http://dbpedia.org/ontology/ProgrammingLanguage,0.9602323503127793
http://dbpedia.org/ontology/Project,1.0
http://dbpedia.org/ontology/ProtectedArea,0.9951348583134175
http://dbpedia.org/ontology/Protein,0.9716722328244275
http://dbpedia.org/ontology/PublicTransitSystem,0.9863794741843522
http://dbpedia.org/ontology/Publisher,0.9207616707616708
http://dbpedia.org/ontology/Race,1.0
http://dbpedia.org/ontology/RaceHorse,0.7393094710167881
http://dbpedia.org/ontology/RaceTrack,1.0
http://dbpedia.org/ontology/Racecourse,1.0
http://dbpedia.org/ontology/RacingDriver,0.9343077164859344
http://dbpedia.org/ontology/RadioHost,0.9944289693593314
http://dbpedia.org/ontology/RadioProgram,0.9886211512717537
http://dbpedia.org/ontology/RadioStation,0.9787975951903808
http://dbpedia.org/ontology/RailwayLine,0.8721583964800782
http://dbpedia.org/ontology/RailwayStation,0.9991349480968859
http://dbpedia.org/ontology/RailwayTunnel,0.9890710382513661
http://dbpedia.org/ontology/RecordLabel,0.45588370173346787
http://dbpedia.org/ontology/Region,0.9978814406203781
http://dbpedia.org/ontology/Religious,0.9971751412429378
http://dbpedia.org/ontology/ReligiousBuilding,0.9974957163569264
http://dbpedia.org/ontology/Reptile,0.9998495335540174
http://dbpedia.org/ontology/ResearchProject,1.0
http://dbpedia.org/ontology/Restaurant,0.9738461538461538
http://dbpedia.org/ontology/River,0.9439986215045293
http://dbpedia.org/ontology/Road,0.9981130097494496
http://dbpedia.org/ontology/RoadJunction,0.984375
http://dbpedia.org/ontology/RoadTunnel,0.9777070063694268
http://dbpedia.org/ontology/Rocket,0.9594356261022927
http://dbpedia.org/ontology/RollerCoaster,1.0
http://dbpedia.org/ontology/RouteOfTransportation,0.996479549382321
http://dbpedia.org/ontology/Rower,1.0
http://dbpedia.org/ontology/Royalty,0.9894492508968137
http://dbpedia.org/ontology/RugbyClub,0.9996336996336996
http://dbpedia.org/ontology/RugbyLeague,1.0
http://dbpedia.org/ontology/RugbyPlayer,0.9968382747718189
http://dbpedia.org/ontology/Saint,0.9514716187806588
http://dbpedia.org/ontology/Sales,0.0
http://dbpedia.org/ontology/Satellite,0.9995962858296327
http://dbpedia.org/ontology/School,0.9881903802991211
http://dbpedia.org/ontology/Scientist,0.903122694861077
http://dbpedia.org/ontology/ScreenWriter,0.9986244841815681
http://dbpedia.org/ontology/Sea,1.0
http://dbpedia.org/ontology/Senator,1.0
http://dbpedia.org/ontology/Settlement,0.9988476329804387
http://dbpedia.org/ontology/Ship,0.9987391072879599
http://dbpedia.org/ontology/ShoppingMall,0.9910741766697445
http://dbpedia.org/ontology/Singer,1.0
http://dbpedia.org/ontology/Single,0.9856645230439443
http://dbpedia.org/ontology/SiteOfSpecialScientificInterest,0.9820761762509336
http://dbpedia.org/ontology/Skater,0.998165137614679
http://dbpedia.org/ontology/SkiArea,0.9571220930232558
http://dbpedia.org/ontology/Skier,0.9974554707379135
http://dbpedia.org/ontology/Skyscraper,1.0
http://dbpedia.org/ontology/SnookerChamp,1.0
http://dbpedia.org/ontology/SnookerPlayer,0.9978494623655914
http://dbpedia.org/ontology/SnookerWorldRanking,1.0
http://dbpedia.org/ontology/SoapCharacter,0.9914243102162565
http://dbpedia.org/ontology/SoccerClub,0.8056083279115159
http://dbpedia.org/ontology/SoccerClubSeason,0.9976698667163761
http://dbpedia.org/ontology/SoccerLeague,0.9785357247868274
http://dbpedia.org/ontology/SoccerManager,0.9007257756461949
http://dbpedia.org/ontology/SoccerPlayer,0.6943575322278944
http://dbpedia.org/ontology/SoccerTournament,0.9958911393628849
http://dbpedia.org/ontology/SocietalEvent,0.9931201405812238
http://dbpedia.org/ontology/SoftballLeague,1.0
http://dbpedia.org/ontology/Software,0.9902729898444051
http://dbpedia.org/ontology/SolarEclipse,1.0
http://dbpedia.org/ontology/Song,0.9469918699186992
http://dbpedia.org/ontology/Sound,0.0001827318410232983
http://dbpedia.org/ontology/SpaceShuttle,1.0
http://dbpedia.org/ontology/SpaceStation,1.0
http://dbpedia.org/ontology/Spacecraft,1.0
http://dbpedia.org/ontology/Species,0.9999054860461554
http://dbpedia.org/ontology/SpeedwayLeague,1.0
http://dbpedia.org/ontology/SpeedwayRider,0.9992211838006231
http://dbpedia.org/ontology/SpeedwayTeam,1.0
http://dbpedia.org/ontology/Sport,0.9837358304583539
http://dbpedia.org/ontology/SportCompetitionResult,1.0
http://dbpedia.org/ontology/SportFacility,0.9879287003610109
http://dbpedia.org/ontology/SportsEvent,0.9918586287643631
http://dbpedia.org/ontology/SportsLeague,0.9975856345254263
http://dbpedia.org/ontology/SportsManager,0.999516700676619
http://dbpedia.org/ontology/SportsSeason,0.7686786765233617
http://dbpedia.org/ontology/SportsTeam,0.9972653297167504
http://dbpedia.org/ontology/SportsTeamMember,0.0031781887775110987
http://dbpedia.org/ontology/SportsTeamSeason,0.9997487121497676
http://dbpedia.org/ontology/SquashPlayer,1.0
http://dbpedia.org/ontology/Stadium,0.9646756082345602
http://dbpedia.org/ontology/Star,0.9863361311731408
http://dbpedia.org/ontology/Station,0.997717452159807
http://dbpedia.org/ontology/Stream,0.9997583206739401
http://dbpedia.org/ontology/SumoWrestler,1.0
http://dbpedia.org/ontology/SupremeCourtOfTheUnitedStatesCase,0.9994476155404162
http://dbpedia.org/ontology/Surname,0.9894001445434835
http://dbpedia.org/ontology/Swimmer,0.9994161606725829
http://dbpedia.org/ontology/TableTennisPlayer,0.9961832061068703
http://dbpedia.org/ontology/TelevisionEpisode,0.9959559860810684
http://dbpedia.org/ontology/TelevisionHost,1.0
http://dbpedia.org/ontology/TelevisionSeason,0.9963880288957688
http://dbpedia.org/ontology/TelevisionShow,0.9940112408599804
http://dbpedia.org/ontology/TelevisionStation,0.9767239331802707
http://dbpedia.org/ontology/TennisLeague,1.0
http://dbpedia.org/ontology/TennisPlayer,0.9939226519337017
http://dbpedia.org/ontology/TennisTournament,1.0
http://dbpedia.org/ontology/Theatre,0.9965116279069768
http://dbpedia.org/ontology/TimePeriod,0.004050696528682258
http://dbpedia.org/ontology/TopicalConcept,0.9760776348454073
http://dbpedia.org/ontology/Tournament,0.9977541548135949
http://dbpedia.org/ontology/Tower,0.9338649155722326
http://dbpedia.org/ontology/Town,0.9999560497516811
http://dbpedia.org/ontology/TradeUnion,1.0
http://dbpedia.org/ontology/Train,0.9908976773383553
http://dbpedia.org/ontology/Tunnel,1.0
http://dbpedia.org/ontology/UnitOfWork,1.0
http://dbpedia.org/ontology/University,0.9690360127337844
http://dbpedia.org/ontology/Valley,0.9935483870967742
http://dbpedia.org/ontology/Vein,0.9744408945686901
http://dbpedia.org/ontology/Venue,0.9920547610316587
http://dbpedia.org/ontology/VideoGame,0.9934730807749421
http://dbpedia.org/ontology/VideogamesLeague,1.0
http://dbpedia.org/ontology/Village,0.9998399312546862
http://dbpedia.org/ontology/VoiceActor,0.992633517495396
http://dbpedia.org/ontology/Volcano,0.9938195302843016
http://dbpedia.org/ontology/VolleyballCoach,0.9868421052631579
http://dbpedia.org/ontology/VolleyballLeague,1.0
http://dbpedia.org/ontology/VolleyballPlayer,0.9993890331449519
http://dbpedia.org/ontology/WaterRide,1.0
http://dbpedia.org/ontology/WaterwayTunnel,1.0
http://dbpedia.org/ontology/Weapon,0.9953858236795602
http://dbpedia.org/ontology/Website,0.9729442970822281
http://dbpedia.org/ontology/WineRegion,0.9656593406593407
http://dbpedia.org/ontology/Winery,0.9982425307557118
http://dbpedia.org/ontology/WinterSportPlayer,0.9992577391608086
http://dbpedia.org/ontology/WomensTennisAssociationTournament,0.9954766875434934
http://dbpedia.org/ontology/Work,0.9527454295324337
http://dbpedia.org/ontology/WorldHeritageSite,0.8099616858237548
http://dbpedia.org/ontology/Wrestler,0.9783424776205603
http://dbpedia.org/ontology/WrestlingEvent,0.994069681245367
http://dbpedia.org/ontology/Writer,0.9053382163905799
http://dbpedia.org/ontology/WrittenWork,0.9872815140641278
http://dbpedia.org/ontology/Year,0.9991751443497388
http://dbpedia.org/ontology/YearInSpaceflight,1.0
http://purl.org/ontology/bibo/Book,0.9957301218010127
http://purl.org/vocommons/voaf#Vocabulary,0.0
http://schema.org/AdministrativeArea,0.9989378331796865
http://schema.org/Airport,0.9938282129096054
http://schema.org/BankOrCreditUnion,1.0
http://schema.org/BodyOfWater,0.9699660485766519
http://schema.org/Book,0.9957301218010127
http://schema.org/Canal,1.0
http://schema.org/City,0.9998559631265604
http://schema.org/CollegeOrUniversity,0.9998526486406837
http://schema.org/Continent,1.0
http://schema.org/Country,0.9853159299911005
http://schema.org/CreativeWork,0.9751525655928263
http://schema.org/EducationalOrganization,0.9985185858402253
http://schema.org/Event,0.8890268542669263
http://schema.org/Festival,0.9924351585014409
http://schema.org/Hospital,0.9984286612193589
http://schema.org/Hotel,0.999619916381604
http://schema.org/LakeBodyOfWater,0.8938488724335241
http://schema.org/LandmarksOrHistoricalBuildings,0.9937313257953014
http://schema.org/Language,0.9950351901358503
http://schema.org/Library,0.9947643979057592
http://schema.org/Mountain,0.9989151535914126
http://schema.org/Movie,0.9989081154432018
http://schema.org/MusicAlbum,0.9745593030270506
http://schema.org/MusicGroup,0.9987780461359295
http://schema.org/MusicRecording,0.9694804787867394
http://schema.org/Organization,0.9984285739396389
http://schema.org/Park,0.9852675109847506
http://schema.org/Person,0.8509391186764459
http://schema.org/Place,0.9941805983526303
http://schema.org/Product,0.9685293454312035
http://schema.org/RadioStation,0.9992609016999261
http://schema.org/Restaurant,0.9813638288860652
http://schema.org/RiverBodyOfWater,0.9998768039422739
http://schema.org/School,0.9979757696607148
http://schema.org/SeaBodyOfWater,1.0
http://schema.org/ShoppingCenter,0.9975439259399207
http://schema.org/SkiResort,0.95625
http://schema.org/SportsEvent,0.994725817311289
http://schema.org/SportsTeam,0.9987424020121568
http://schema.org/StadiumOrArena,0.9971419498253413
http://schema.org/TVEpisode,0.9976850544859127
http://schema.org/TelevisionStation,0.9959870168191207
http://schema.org/WebPage,0.9884744884744885
http://umbel.org/umbel/rc/Action,0.9850560398505604
http://umbel.org/umbel/rc/Actor,0.9651513324490534
http://umbel.org/umbel/rc/Actor/Voice,0.9672619047619048
http://umbel.org/umbel/rc/AilmentCondition,0.9997114829774957
http://umbel.org/umbel/rc/AirlineCompany,0.9872293170460855
http://umbel.org/umbel/rc/Airport/Physical,0.997845756139595
http://umbel.org/umbel/rc/Album/IBO,0.9833070866141732
http://umbel.org/umbel/rc/Algae,1.0
http://umbel.org/umbel/rc/Ambassador,0.98989898989899
http://umbel.org/umbel/rc/Amphibian,1.0
http://umbel.org/umbel/rc/Animal,1.0
http://umbel.org/umbel/rc/AnimalBodyPart,1.0
http://umbel.org/umbel/rc/Arachnid,0.9985163204747775
http://umbel.org/umbel/rc/Architect,0.9938775510204082
http://umbel.org/umbel/rc/Artery,1.0
http://umbel.org/umbel/rc/Artist,0.9929281767955801
http://umbel.org/umbel/rc/Association,0.9777070063694268
http://umbel.org/umbel/rc/Astronaut,1.0
http://umbel.org/umbel/rc/Athlete,0.9973440750741446
http://umbel.org/umbel/rc/AutoEngine,1.0
http://umbel.org/umbel/rc/Automobile,0.9978753541076487
http://umbel.org/umbel/rc/AwardPractice,0.9885321100917431
http://umbel.org/umbel/rc/Bacterium,1.0
http://umbel.org/umbel/rc/Band/MusicGroup,0.9802311945049422
http://umbel.org/umbel/rc/BaseballPlayer,0.9982215447154471
http://umbel.org/umbel/rc/BasketballPlayer,0.9960629921259843
http://umbel.org/umbel/rc/BiologicalLivingObject,0.9998663101604278
http://umbel.org/umbel/rc/Bird,1.0
http://umbel.org/umbel/rc/Bishop/Clerical,0.9993690851735015
http://umbel.org/umbel/rc/BodyOfWater,0.9998578737919273
http://umbel.org/umbel/rc/Bone/BodyPart,1.0
http://umbel.org/umbel/rc/Book/CW,0.9833017077798861
http://umbel.org/umbel/rc/Boxer,0.9737704918032787
http://umbel.org/umbel/rc/Brain,1.0
http://umbel.org/umbel/rc/Bridge,0.9974259974259975
http://umbel.org/umbel/rc/Building,0.9980986871887731
http://umbel.org/umbel/rc/Business,0.9909646801131696
http://umbel.org/umbel/rc/Canal,1.0
http://umbel.org/umbel/rc/Cardinal/CatholicBishop,1.0
http://umbel.org/umbel/rc/CartoonCharacter,0.9958563535911602
http://umbel.org/umbel/rc/Cave,1.0
http://umbel.org/umbel/rc/Chancellor/HeadOfGovernment,1.0
http://umbel.org/umbel/rc/ChemicalSubstanceType,0.9993810604497627
http://umbel.org/umbel/rc/City,1.0
http://umbel.org/umbel/rc/Cleric,0.9995060508767597
http://umbel.org/umbel/rc/Club/Organization,0.9898215465961665
http://umbel.org/umbel/rc/College,1.0
http://umbel.org/umbel/rc/Color,1.0
http://umbel.org/umbel/rc/Comedian,0.9871794871794872
http://umbel.org/umbel/rc/CommunityOrganization,0.9942408376963351
http://umbel.org/umbel/rc/ComputerGameProgram,0.9925925925925926
http://umbel.org/umbel/rc/ConflictEvent,0.998048048048048
http://umbel.org/umbel/rc/Conifer,1.0
http://umbel.org/umbel/rc/Continent,1.0
http://umbel.org/umbel/rc/Country,0.9993654822335025
http://umbel.org/umbel/rc/Crater,1.0
http://umbel.org/umbel/rc/Criminal,0.9916083916083916
http://umbel.org/umbel/rc/Crustacean,1.0
http://umbel.org/umbel/rc/Currency,0.9957264957264957
http://umbel.org/umbel/rc/Cycad,1.0
http://umbel.org/umbel/rc/Cyclist,0.9995251661918328
http://umbel.org/umbel/rc/Drink,0.9848484848484849
http://umbel.org/umbel/rc/DrugProduct,0.9994077583654131
http://umbel.org/umbel/rc/EducationalOrganization,0.9966544527640593
http://umbel.org/umbel/rc/Embryology,1.0
http://umbel.org/umbel/rc/EukaryoticCell,0.9998639640865188
http://umbel.org/umbel/rc/Event,0.9954479849006328
http://umbel.org/umbel/rc/Facility/Construct,0.999660671869698
http://umbel.org/umbel/rc/FashionModel,0.9783950617283951
http://umbel.org/umbel/rc/Fern,1.0
http://umbel.org/umbel/rc/Festival,0.9343936381709742
http://umbel.org/umbel/rc/FictionalCharacter,0.9875776397515528
http://umbel.org/umbel/rc/FigureSkater,0.9908536585365854
http://umbel.org/umbel/rc/Fish,0.9994333474996459
http://umbel.org/umbel/rc/FloweringPlant,0.9998691442030881
http://umbel.org/umbel/rc/FootballPlayer/American,0.994736072525223
http://umbel.org/umbel/rc/FormalProductType,0.9968847352024922
http://umbel.org/umbel/rc/Fungus,0.9998109998109999
http://umbel.org/umbel/rc/Game,0.9837618403247632
http://umbel.org/umbel/rc/GeographicalRegion,0.9985815602836879
http://umbel.org/umbel/rc/Ginkgo,1.0
http://umbel.org/umbel/rc/GovernmentalOrganization,1.0
http://umbel.org/umbel/rc/Grape,1.0
http://umbel.org/umbel/rc/HockeyTeam,1.0
http://umbel.org/umbel/rc/HospitalBuilding,0.9939613526570048
http://umbel.org/umbel/rc/IceHockeyPlayer,0.9917238595074687
http://umbel.org/umbel/rc/Insect,1.0
http://umbel.org/umbel/rc/Island,0.9992663242846662
http://umbel.org/umbel/rc/Journalist,0.9844357976653697
http://umbel.org/umbel/rc/Judge,0.9985315712187959
http://umbel.org/umbel/rc/Lake,0.999535747446611
http://umbel.org/umbel/rc/Language,0.9991201055873296
http://umbel.org/umbel/rc/Lighhouse,1.0
http://umbel.org/umbel/rc/Location/Underspecified,1.0
http://umbel.org/umbel/rc/Lymph,1.0
http://umbel.org/umbel/rc/Magazine,0.9863107460643394
http://umbel.org/umbel/rc/Mammal,0.9996729354047424
http://umbel.org/umbel/rc/Manager,0.9962728289228475
http://umbel.org/umbel/rc/Mayor,0.9749582637729549
http://umbel.org/umbel/rc/Meeting/SocialGathering,0.9710743801652892
http://umbel.org/umbel/rc/MilitaryPerson,0.9965443912812334
http://umbel.org/umbel/rc/Model/airplane,0.9997975708502024
http://umbel.org/umbel/rc/Mollusk,0.997877179681577
http://umbel.org/umbel/rc/Monarch/HeadOfState,0.9991220368744512
http://umbel.org/umbel/rc/Monument,1.0
http://umbel.org/umbel/rc/Moss,1.0
http://umbel.org/umbel/rc/Mountain,0.9998483929654336
http://umbel.org/umbel/rc/MountainRange,1.0
http://umbel.org/umbel/rc/Movie/CW,0.9953703703703703
http://umbel.org/umbel/rc/Muscle,1.0
http://umbel.org/umbel/rc/MusicSingle,0.9745562130177515
http://umbel.org/umbel/rc/MusicalComposition,0.9845119812974868
http://umbel.org/umbel/rc/MusicalComposition/Song,0.9820242282141461
http://umbel.org/umbel/rc/MusicalPerformer,0.9857086665792579
http://umbel.org/umbel/rc/Nerve,1.0
http://umbel.org/umbel/rc/NewspaperSeries,0.9931901519119958
http://umbel.org/umbel/rc/NonProfitOrganization,0.9630369630369631
http://umbel.org/umbel/rc/OlympicGames,1.0
http://umbel.org/umbel/rc/Organization,0.9976805319313438
http://umbel.org/umbel/rc/OrganizationOfOrganizations,0.9771573604060914
http://umbel.org/umbel/rc/Park,1.0
http://umbel.org/umbel/rc/ParliamentMember,1.0
http://umbel.org/umbel/rc/PersonWithOccupation,0.9985645933014354
http://umbel.org/umbel/rc/Philosopher,0.9986577181208054
http://umbel.org/umbel/rc/PhysicalDevice,0.9850460122699386
http://umbel.org/umbel/rc/Place,0.9998783898820381
http://umbel.org/umbel/rc/Planet,0.9990049751243781
http://umbel.org/umbel/rc/Plant,0.9997396850188728
http://umbel.org/umbel/rc/PlayboyModel,1.0
http://umbel.org/umbel/rc/Politician,0.9993735120912166
http://umbel.org/umbel/rc/Pope,1.0
http://umbel.org/umbel/rc/PopulatedPlace,0.9999242252026976
http://umbel.org/umbel/rc/PresidentOfOrganization,0.9982456140350877
http://umbel.org/umbel/rc/PrimeMinister/HeadOfGovernment,1.0
http://umbel.org/umbel/rc/ProteinMolecule,1.0
http://umbel.org/umbel/rc/RaceCarDriver,1.0
http://umbel.org/umbel/rc/RadioStation/Organization,0.9893551688843398
http://umbel.org/umbel/rc/RecordCompany,0.9753424657534246
http://umbel.org/umbel/rc/Reptile,0.9997608227696724
http://umbel.org/umbel/rc/River,1.0
http://umbel.org/umbel/rc/RocketEngine,1.0
http://umbel.org/umbel/rc/RoyalFamily,0.998547039593171
http://umbel.org/umbel/rc/Saint,0.999407231772377
http://umbel.org/umbel/rc/SalesContract,1.0
http://umbel.org/umbel/rc/School/AcademicOrganization,0.9976446341822465
http://umbel.org/umbel/rc/Scientist,0.9963625341012428
http://umbel.org/umbel/rc/Ship,0.9994274262811337
http://umbel.org/umbel/rc/ShoppingMallBuilding,0.9684959349593496
http://umbel.org/umbel/rc/Situation,1.0
http://umbel.org/umbel/rc/SkiArea,1.0
http://umbel.org/umbel/rc/Skyscraper,0.9761111111111112
http://umbel.org/umbel/rc/SoccerCoach,0.9978593272171253
http://umbel.org/umbel/rc/SoccerPlayer,0.9964731074442625
http://umbel.org/umbel/rc/SoftwareObject,0.9873764258555133
http://umbel.org/umbel/rc/SpaceMission,1.0
http://umbel.org/umbel/rc/SpaceShuttle,1.0
http://umbel.org/umbel/rc/SpaceStation,1.0
http://umbel.org/umbel/rc/Spacecraft,1.0
http://umbel.org/umbel/rc/Sport,1.0
http://umbel.org/umbel/rc/SportsEvent,0.996299037749815
http://umbel.org/umbel/rc/Stadium,0.9939722724532851
http://umbel.org/umbel/rc/StateGovernor,0.998176291793313
http://umbel.org/umbel/rc/Stream,1.0
http://umbel.org/umbel/rc/Street/Generic,0.999660671869698
http://umbel.org/umbel/rc/TVShow/IBT,0.9854761511800627
http://umbel.org/umbel/rc/TVShow/SingleCW,0.9875776397515528
http://umbel.org/umbel/rc/Team,1.0
http://umbel.org/umbel/rc/TennisPlayer,0.9962264150943396
http://umbel.org/umbel/rc/Tournament,1.0
http://umbel.org/umbel/rc/Town,1.0
http://umbel.org/umbel/rc/TradeUnion,0.9934782608695653
http://umbel.org/umbel/rc/TransportFacility,1.0
http://umbel.org/umbel/rc/TransportationDevice/Vehicle,0.9994246260069045
http://umbel.org/umbel/rc/Troop/MilitaryUnit,0.9938595369067417
http://umbel.org/umbel/rc/USRepresentative,0.9993112947658402
http://umbel.org/umbel/rc/University,0.9944688465918334
http://umbel.org/umbel/rc/Valley,1.0
http://umbel.org/umbel/rc/Vein,1.0
http://umbel.org/umbel/rc/Village,1.0
http://umbel.org/umbel/rc/Weapon,0.9842169162282477
http://umbel.org/umbel/rc/WorldWideWebPage/PCW,0.9456521739130435
http://umbel.org/umbel/rc/Wrestler,0.9851421188630491
http://umbel.org/umbel/rc/WrestlingSportsEvent,1.0
http://umbel.org/umbel/rc/Writer,0.9907338215513376
http://vocab.org/frbr/core#Work,0.9081196581196581
http://wikidata.dbpedia.org/ontology/AcademicConference,1.0
http://wikidata.dbpedia.org/ontology/AcademicJournal,1.0
http://wikidata.dbpedia.org/ontology/Activity,1.0
http://wikidata.dbpedia.org/ontology/Actor,1.0
http://wikidata.dbpedia.org/ontology/AdministrativeRegion,1.0
http://wikidata.dbpedia.org/ontology/AdultActor,1.0
http://wikidata.dbpedia.org/ontology/Agent,0.9999958331145719
http://wikidata.dbpedia.org/ontology/Aircraft,1.0
http://wikidata.dbpedia.org/ontology/Airline,1.0
http://wikidata.dbpedia.org/ontology/Airport,1.0
http://wikidata.dbpedia.org/ontology/Album,0.9999923733402482
http://wikidata.dbpedia.org/ontology/AmateurBoxer,1.0
http://wikidata.dbpedia.org/ontology/Ambassador,1.0
http://wikidata.dbpedia.org/ontology/AmericanFootballLeague,1.0
http://wikidata.dbpedia.org/ontology/AmericanFootballPlayer,1.0
http://wikidata.dbpedia.org/ontology/AmericanFootballTeam,1.0
http://wikidata.dbpedia.org/ontology/Amphibian,1.0
http://wikidata.dbpedia.org/ontology/AmusementParkAttraction,1.0
http://wikidata.dbpedia.org/ontology/AnatomicalStructure,1.0
http://wikidata.dbpedia.org/ontology/Animal,1.0
http://wikidata.dbpedia.org/ontology/AnimangaCharacter,1.0
http://wikidata.dbpedia.org/ontology/Anime,1.0
http://wikidata.dbpedia.org/ontology/Arachnid,1.0
http://wikidata.dbpedia.org/ontology/Archaea,1.0
http://wikidata.dbpedia.org/ontology/Architect,1.0
http://wikidata.dbpedia.org/ontology/ArchitecturalStructure,1.0
http://wikidata.dbpedia.org/ontology/Artery,1.0
http://wikidata.dbpedia.org/ontology/ArtificialSatellite,1.0
http://wikidata.dbpedia.org/ontology/Artist,0.9999634168648253
http://wikidata.dbpedia.org/ontology/ArtistDiscography,0.998931909212283
http://wikidata.dbpedia.org/ontology/Artwork,1.0
http://wikidata.dbpedia.org/ontology/Asteroid,1.0
http://wikidata.dbpedia.org/ontology/Astronaut,1.0
http://wikidata.dbpedia.org/ontology/Athlete,1.0
http://wikidata.dbpedia.org/ontology/AustralianFootballLeague,1.0
http://wikidata.dbpedia.org/ontology/AustralianFootballTeam,1.0
http://wikidata.dbpedia.org/ontology/AustralianRulesFootballPlayer,1.0
http://wikidata.dbpedia.org/ontology/AutoRacingLeague,1.0
http://wikidata.dbpedia.org/ontology/Automobile,1.0
http://wikidata.dbpedia.org/ontology/AutomobileEngine,1.0
http://wikidata.dbpedia.org/ontology/Award,1.0
http://wikidata.dbpedia.org/ontology/Bacteria,1.0
http://wikidata.dbpedia.org/ontology/BadmintonPlayer,1.0
http://wikidata.dbpedia.org/ontology/Band,1.0
http://wikidata.dbpedia.org/ontology/Bank,1.0
http://wikidata.dbpedia.org/ontology/Baronet,1.0
http://wikidata.dbpedia.org/ontology/BaseballLeague,1.0
http://wikidata.dbpedia.org/ontology/BaseballPlayer,1.0
http://wikidata.dbpedia.org/ontology/BaseballSeason,1.0
http://wikidata.dbpedia.org/ontology/BaseballTeam,1.0
http://wikidata.dbpedia.org/ontology/BasketballLeague,1.0
http://wikidata.dbpedia.org/ontology/BasketballPlayer,1.0
http://wikidata.dbpedia.org/ontology/BasketballTeam,1.0
http://wikidata.dbpedia.org/ontology/Bay,1.0
http://wikidata.dbpedia.org/ontology/BeachVolleyballPlayer,1.0
http://wikidata.dbpedia.org/ontology/BeautyQueen,1.0
http://wikidata.dbpedia.org/ontology/Beverage,1.0
http://wikidata.dbpedia.org/ontology/BiologicalDatabase,1.0
http://wikidata.dbpedia.org/ontology/Biomolecule,1.0
http://wikidata.dbpedia.org/ontology/Bird,1.0
http://wikidata.dbpedia.org/ontology/BodyOfWater,1.0
http://wikidata.dbpedia.org/ontology/Bodybuilder,1.0
http://wikidata.dbpedia.org/ontology/Bone,1.0
http://wikidata.dbpedia.org/ontology/Book,1.0
http://wikidata.dbpedia.org/ontology/BowlingLeague,1.0
http://wikidata.dbpedia.org/ontology/Boxer,1.0
http://wikidata.dbpedia.org/ontology/BoxingLeague,1.0
http://wikidata.dbpedia.org/ontology/Brain,1.0
http://wikidata.dbpedia.org/ontology/Brewery,1.0
http://wikidata.dbpedia.org/ontology/Bridge,1.0
http://wikidata.dbpedia.org/ontology/BritishRoyalty,1.0
http://wikidata.dbpedia.org/ontology/BroadcastNetwork,1.0
http://wikidata.dbpedia.org/ontology/Broadcaster,1.0
http://wikidata.dbpedia.org/ontology/Building,1.0
http://wikidata.dbpedia.org/ontology/BusCompany,1.0
http://wikidata.dbpedia.org/ontology/BusinessPerson,1.0
http://wikidata.dbpedia.org/ontology/CanadianFootballLeague,1.0
http://wikidata.dbpedia.org/ontology/CanadianFootballTeam,1.0
http://wikidata.dbpedia.org/ontology/Canal,1.0
http://wikidata.dbpedia.org/ontology/Canoeist,1.0
http://wikidata.dbpedia.org/ontology/Cardinal,1.0
http://wikidata.dbpedia.org/ontology/Cartoon,1.0
http://wikidata.dbpedia.org/ontology/Case,1.0
http://wikidata.dbpedia.org/ontology/Castle,1.0
http://wikidata.dbpedia.org/ontology/Cave,1.0
http://wikidata.dbpedia.org/ontology/CelestialBody,1.0
http://wikidata.dbpedia.org/ontology/Chancellor,1.0
http://wikidata.dbpedia.org/ontology/Cheese,1.0
http://wikidata.dbpedia.org/ontology/Chef,1.0
http://wikidata.dbpedia.org/ontology/ChemicalCompound,1.0
http://wikidata.dbpedia.org/ontology/ChemicalSubstance,1.0
http://wikidata.dbpedia.org/ontology/ChessPlayer,1.0
http://wikidata.dbpedia.org/ontology/ChristianBishop,1.0
http://wikidata.dbpedia.org/ontology/City,1.0
http://wikidata.dbpedia.org/ontology/ClassicalMusicArtist,1.0
http://wikidata.dbpedia.org/ontology/ClassicalMusicComposition,1.0
http://wikidata.dbpedia.org/ontology/Cleric,1.0
http://wikidata.dbpedia.org/ontology/ClericalAdministrativeRegion,1.0
http://wikidata.dbpedia.org/ontology/ClubMoss,1.0
http://wikidata.dbpedia.org/ontology/Coach,1.0
http://wikidata.dbpedia.org/ontology/College,1.0
http://wikidata.dbpedia.org/ontology/CollegeCoach,1.0
http://wikidata.dbpedia.org/ontology/Colour,1.0
http://wikidata.dbpedia.org/ontology/Comedian,0.9992625368731564
http://wikidata.dbpedia.org/ontology/ComedyGroup,1.0
http://wikidata.dbpedia.org/ontology/Comic,1.0
http://wikidata.dbpedia.org/ontology/ComicStrip,1.0
http://wikidata.dbpedia.org/ontology/ComicsCharacter,1.0
http://wikidata.dbpedia.org/ontology/ComicsCreator,1.0
http://wikidata.dbpedia.org/ontology/Company,1.0
http://wikidata.dbpedia.org/ontology/ConcentrationCamp,1.0
http://wikidata.dbpedia.org/ontology/Congressman,0.9996963255390222
http://wikidata.dbpedia.org/ontology/Conifer,1.0
http://wikidata.dbpedia.org/ontology/Constellation,1.0
http://wikidata.dbpedia.org/ontology/Continent,1.0
http://wikidata.dbpedia.org/ontology/Convention,1.0
http://wikidata.dbpedia.org/ontology/Country,1.0
http://wikidata.dbpedia.org/ontology/Crater,1.0
http://wikidata.dbpedia.org/ontology/CricketGround,1.0
http://wikidata.dbpedia.org/ontology/CricketLeague,1.0
http://wikidata.dbpedia.org/ontology/CricketTeam,1.0
http://wikidata.dbpedia.org/ontology/Cricketer,1.0
http://wikidata.dbpedia.org/ontology/Criminal,1.0
http://wikidata.dbpedia.org/ontology/Crustacean,1.0
http://wikidata.dbpedia.org/ontology/CultivatedVariety,1.0
http://wikidata.dbpedia.org/ontology/Curler,1.0
http://wikidata.dbpedia.org/ontology/CurlingLeague,1.0
http://wikidata.dbpedia.org/ontology/Currency,1.0
http://wikidata.dbpedia.org/ontology/Cycad,1.0
http://wikidata.dbpedia.org/ontology/CyclingRace,1.0
http://wikidata.dbpedia.org/ontology/CyclingTeam,1.0
http://wikidata.dbpedia.org/ontology/Cyclist,1.0
http://wikidata.dbpedia.org/ontology/Dam,1.0
http://wikidata.dbpedia.org/ontology/DartsPlayer,1.0
http://wikidata.dbpedia.org/ontology/Database,1.0
http://wikidata.dbpedia.org/ontology/Device,1.0
http://wikidata.dbpedia.org/ontology/Diocese,1.0
http://wikidata.dbpedia.org/ontology/Disease,1.0
http://wikidata.dbpedia.org/ontology/Drug,1.0
http://wikidata.dbpedia.org/ontology/Earthquake,1.0
http://wikidata.dbpedia.org/ontology/Economist,1.0
http://wikidata.dbpedia.org/ontology/EducationalInstitution,1.0
http://wikidata.dbpedia.org/ontology/Election,1.0
http://wikidata.dbpedia.org/ontology/Embryology,1.0
http://wikidata.dbpedia.org/ontology/Engine,1.0
http://wikidata.dbpedia.org/ontology/Engineer,1.0
http://wikidata.dbpedia.org/ontology/Entomologist,1.0
http://wikidata.dbpedia.org/ontology/Enzyme,1.0
http://wikidata.dbpedia.org/ontology/EthnicGroup,1.0
http://wikidata.dbpedia.org/ontology/Eukaryote,1.0
http://wikidata.dbpedia.org/ontology/EurovisionSongContestEntry,1.0
http://wikidata.dbpedia.org/ontology/Event,1.0
http://wikidata.dbpedia.org/ontology/Farmer,1.0
http://wikidata.dbpedia.org/ontology/Fashion,1.0
http://wikidata.dbpedia.org/ontology/FashionDesigner,1.0
http://wikidata.dbpedia.org/ontology/Fern,1.0
http://wikidata.dbpedia.org/ontology/FictionalCharacter,1.0
http://wikidata.dbpedia.org/ontology/FieldHockeyLeague,1.0
http://wikidata.dbpedia.org/ontology/FigureSkater,1.0
http://wikidata.dbpedia.org/ontology/Film,1.0
http://wikidata.dbpedia.org/ontology/FilmFestival,1.0
http://wikidata.dbpedia.org/ontology/Fish,1.0
http://wikidata.dbpedia.org/ontology/FloweringPlant,1.0
http://wikidata.dbpedia.org/ontology/Food,1.0
http://wikidata.dbpedia.org/ontology/FootballLeagueSeason,1.0
http://wikidata.dbpedia.org/ontology/FootballMatch,1.0
http://wikidata.dbpedia.org/ontology/FormulaOneRacer,1.0
http://wikidata.dbpedia.org/ontology/FormulaOneTeam,1.0
http://wikidata.dbpedia.org/ontology/Fungus,1.0
http://wikidata.dbpedia.org/ontology/GaelicGamesPlayer,1.0
http://wikidata.dbpedia.org/ontology/Galaxy,1.0
http://wikidata.dbpedia.org/ontology/Game,1.0
http://wikidata.dbpedia.org/ontology/Garden,1.0
http://wikidata.dbpedia.org/ontology/Gene,1.0
http://wikidata.dbpedia.org/ontology/Genre,1.0
http://wikidata.dbpedia.org/ontology/Ginkgo,1.0
http://wikidata.dbpedia.org/ontology/GivenName,1.0
http://wikidata.dbpedia.org/ontology/Glacier,1.0
http://wikidata.dbpedia.org/ontology/Gnetophytes,1.0
http://wikidata.dbpedia.org/ontology/GolfCourse,1.0
http://wikidata.dbpedia.org/ontology/GolfLeague,1.0
http://wikidata.dbpedia.org/ontology/GolfPlayer,1.0
http://wikidata.dbpedia.org/ontology/GolfTournament,1.0
http://wikidata.dbpedia.org/ontology/GovernmentAgency,1.0
http://wikidata.dbpedia.org/ontology/Governor,1.0
http://wikidata.dbpedia.org/ontology/GrandPrix,1.0
http://wikidata.dbpedia.org/ontology/Grape,1.0
http://wikidata.dbpedia.org/ontology/GreenAlga,1.0
http://wikidata.dbpedia.org/ontology/GridironFootballPlayer,1.0
http://wikidata.dbpedia.org/ontology/Group,1.0
http://wikidata.dbpedia.org/ontology/Guitarist,1.0
http://wikidata.dbpedia.org/ontology/Gymnast,1.0
http://wikidata.dbpedia.org/ontology/HandballLeague,1.0
http://wikidata.dbpedia.org/ontology/HandballPlayer,1.0
http://wikidata.dbpedia.org/ontology/HandballTeam,1.0
http://wikidata.dbpedia.org/ontology/Historian,1.0
http://wikidata.dbpedia.org/ontology/HistoricBuilding,1.0
http://wikidata.dbpedia.org/ontology/HistoricPlace,1.0
http://wikidata.dbpedia.org/ontology/HockeyTeam,1.0
http://wikidata.dbpedia.org/ontology/Holiday,1.0
http://wikidata.dbpedia.org/ontology/HollywoodCartoon,1.0
http://wikidata.dbpedia.org/ontology/Horse,1.0
http://wikidata.dbpedia.org/ontology/HorseRace,1.0
http://wikidata.dbpedia.org/ontology/HorseRider,1.0
http://wikidata.dbpedia.org/ontology/HorseTrainer,1.0
http://wikidata.dbpedia.org/ontology/Hospital,1.0
http://wikidata.dbpedia.org/ontology/Hotel,1.0
http://wikidata.dbpedia.org/ontology/HumanGene,1.0
http://wikidata.dbpedia.org/ontology/IceHockeyLeague,1.0
http://wikidata.dbpedia.org/ontology/IceHockeyPlayer,1.0
http://wikidata.dbpedia.org/ontology/Image,0.0
http://wikidata.dbpedia.org/ontology/InformationAppliance,1.0
http://wikidata.dbpedia.org/ontology/Infrastructure,1.0
http://wikidata.dbpedia.org/ontology/InlineHockeyLeague,1.0
http://wikidata.dbpedia.org/ontology/Insect,1.0
http://wikidata.dbpedia.org/ontology/Instrumentalist,1.0
http://wikidata.dbpedia.org/ontology/Island,1.0
http://wikidata.dbpedia.org/ontology/Jockey,1.0
http://wikidata.dbpedia.org/ontology/Journalist,1.0
http://wikidata.dbpedia.org/ontology/Judge,1.0
http://wikidata.dbpedia.org/ontology/LacrosseLeague,1.0
http://wikidata.dbpedia.org/ontology/LacrossePlayer,1.0
http://wikidata.dbpedia.org/ontology/Lake,1.0
http://wikidata.dbpedia.org/ontology/Language,1.0
http://wikidata.dbpedia.org/ontology/LaunchPad,1.0
http://wikidata.dbpedia.org/ontology/LawFirm,1.0
http://wikidata.dbpedia.org/ontology/Lawyer,1.0
http://wikidata.dbpedia.org/ontology/LegalCase,1.0
http://wikidata.dbpedia.org/ontology/Legislature,1.0
http://wikidata.dbpedia.org/ontology/Library,1.0
http://wikidata.dbpedia.org/ontology/Ligament,1.0
http://wikidata.dbpedia.org/ontology/Lighthouse,1.0
http://wikidata.dbpedia.org/ontology/Location,0.9999987890823666
http://wikidata.dbpedia.org/ontology/Locomotive,1.0
http://wikidata.dbpedia.org/ontology/Lymph,1.0
http://wikidata.dbpedia.org/ontology/Magazine,1.0
http://wikidata.dbpedia.org/ontology/Mammal,1.0
http://wikidata.dbpedia.org/ontology/Manga,1.0
http://wikidata.dbpedia.org/ontology/MartialArtist,1.0
http://wikidata.dbpedia.org/ontology/Mayor,1.0
http://wikidata.dbpedia.org/ontology/MeanOfTransportation,1.0
http://wikidata.dbpedia.org/ontology/Medician,1.0
http://wikidata.dbpedia.org/ontology/MemberOfParliament,1.0
http://wikidata.dbpedia.org/ontology/MilitaryConflict,1.0
http://wikidata.dbpedia.org/ontology/MilitaryPerson,1.0
http://wikidata.dbpedia.org/ontology/MilitaryStructure,1.0
http://wikidata.dbpedia.org/ontology/MilitaryUnit,1.0
http://wikidata.dbpedia.org/ontology/Mineral,1.0
http://wikidata.dbpedia.org/ontology/MixedMartialArtsEvent,1.0
http://wikidata.dbpedia.org/ontology/MixedMartialArtsLeague,1.0
http://wikidata.dbpedia.org/ontology/Model,1.0
http://wikidata.dbpedia.org/ontology/Mollusca,1.0
http://wikidata.dbpedia.org/ontology/Monarch,1.0
http://wikidata.dbpedia.org/ontology/Monument,1.0
http://wikidata.dbpedia.org/ontology/Moss,1.0
http://wikidata.dbpedia.org/ontology/Motorcycle,1.0
http://wikidata.dbpedia.org/ontology/MotorcycleRacingLeague,1.0
http://wikidata.dbpedia.org/ontology/MotorcycleRider,1.0
http://wikidata.dbpedia.org/ontology/MotorsportRacer,1.0
http://wikidata.dbpedia.org/ontology/MotorsportSeason,1.0
http://wikidata.dbpedia.org/ontology/Mountain,1.0
http://wikidata.dbpedia.org/ontology/MountainPass,1.0
http://wikidata.dbpedia.org/ontology/MountainRange,1.0
http://wikidata.dbpedia.org/ontology/Murderer,1.0
http://wikidata.dbpedia.org/ontology/Muscle,1.0
http://wikidata.dbpedia.org/ontology/Museum,1.0
http://wikidata.dbpedia.org/ontology/MusicFestival,1.0
http://wikidata.dbpedia.org/ontology/MusicGenre,1.0
http://wikidata.dbpedia.org/ontology/Musical,1.0
http://wikidata.dbpedia.org/ontology/MusicalArtist,0.9999619764634309
http://wikidata.dbpedia.org/ontology/MusicalWork,0.9999486497450459
http://wikidata.dbpedia.org/ontology/MythologicalFigure,1.0
http://wikidata.dbpedia.org/ontology/NCAATeamSeason,1.0
http://wikidata.dbpedia.org/ontology/Name,1.0
http://wikidata.dbpedia.org/ontology/NascarDriver,1.0
http://wikidata.dbpedia.org/ontology/NationalCollegiateAthleticAssociationAthlete,1.0
http://wikidata.dbpedia.org/ontology/NationalFootballLeagueEvent,1.0
http://wikidata.dbpedia.org/ontology/NationalFootballLeagueSeason,1.0
http://wikidata.dbpedia.org/ontology/NaturalEvent,1.0
http://wikidata.dbpedia.org/ontology/NaturalPlace,1.0
http://wikidata.dbpedia.org/ontology/Nerve,1.0
http://wikidata.dbpedia.org/ontology/NetballPlayer,1.0
http://wikidata.dbpedia.org/ontology/Newspaper,1.0
http://wikidata.dbpedia.org/ontology/Noble,1.0
http://wikidata.dbpedia.org/ontology/Non:ProfitOrganisation,1.0
http://wikidata.dbpedia.org/ontology/Novel,1.0
http://wikidata.dbpedia.org/ontology/OfficeHolder,1.0
http://wikidata.dbpedia.org/ontology/OlympicEvent,1.0
http://wikidata.dbpedia.org/ontology/OlympicResult,1.0
http://wikidata.dbpedia.org/ontology/Olympics,1.0
http://wikidata.dbpedia.org/ontology/Organisation,1.0
http://wikidata.dbpedia.org/ontology/OrganisationMember,1.0
http://wikidata.dbpedia.org/ontology/Painter,1.0
http://wikidata.dbpedia.org/ontology/Park,1.0
http://wikidata.dbpedia.org/ontology/PeriodicalLiterature,1.0
http://wikidata.dbpedia.org/ontology/Person,0.9999245393230478
http://wikidata.dbpedia.org/ontology/Philosopher,1.0
http://wikidata.dbpedia.org/ontology/Photographer,1.0
http://wikidata.dbpedia.org/ontology/Place,0.9999987890823666
http://wikidata.dbpedia.org/ontology/Planet,1.0
http://wikidata.dbpedia.org/ontology/Plant,1.0
http://wikidata.dbpedia.org/ontology/Play,1.0
http://wikidata.dbpedia.org/ontology/PlayboyPlaymate,1.0
http://wikidata.dbpedia.org/ontology/Poem,1.0
http://wikidata.dbpedia.org/ontology/Poet,1.0
http://wikidata.dbpedia.org/ontology/PokerPlayer,1.0
http://wikidata.dbpedia.org/ontology/PoliticalParty,1.0
http://wikidata.dbpedia.org/ontology/Politician,0.9999743799959008
http://wikidata.dbpedia.org/ontology/PoloLeague,1.0
http://wikidata.dbpedia.org/ontology/Pope,1.0
http://wikidata.dbpedia.org/ontology/PopulatedPlace,0.9999980477862873
http://wikidata.dbpedia.org/ontology/PowerStation,1.0
http://wikidata.dbpedia.org/ontology/Presenter,1.0
http://wikidata.dbpedia.org/ontology/President,1.0
http://wikidata.dbpedia.org/ontology/Priest,1.0
http://wikidata.dbpedia.org/ontology/PrimeMinister,1.0
http://wikidata.dbpedia.org/ontology/Prison,1.0
http://wikidata.dbpedia.org/ontology/ProgrammingLanguage,1.0
http://wikidata.dbpedia.org/ontology/Project,1.0
http://wikidata.dbpedia.org/ontology/ProtectedArea,1.0
http://wikidata.dbpedia.org/ontology/Protein,1.0
http://wikidata.dbpedia.org/ontology/PublicTransitSystem,1.0
http://wikidata.dbpedia.org/ontology/Publisher,1.0
http://wikidata.dbpedia.org/ontology/Race,1.0
http://wikidata.dbpedia.org/ontology/RaceHorse,1.0
http://wikidata.dbpedia.org/ontology/RaceTrack,1.0
http://wikidata.dbpedia.org/ontology/Racecourse,1.0
http://wikidata.dbpedia.org/ontology/RacingDriver,1.0
http://wikidata.dbpedia.org/ontology/RadioHost,1.0
http://wikidata.dbpedia.org/ontology/RadioProgram,1.0
http://wikidata.dbpedia.org/ontology/RadioStation,1.0
http://wikidata.dbpedia.org/ontology/RailwayLine,1.0
http://wikidata.dbpedia.org/ontology/RailwayStation,1.0
http://wikidata.dbpedia.org/ontology/RailwayTunnel,1.0
http://wikidata.dbpedia.org/ontology/RecordLabel,1.0
http://wikidata.dbpedia.org/ontology/Region,1.0
http://wikidata.dbpedia.org/ontology/Religious,1.0
http://wikidata.dbpedia.org/ontology/ReligiousBuilding,1.0
http://wikidata.dbpedia.org/ontology/Reptile,1.0
http://wikidata.dbpedia.org/ontology/ResearchProject,1.0
http://wikidata.dbpedia.org/ontology/Restaurant,1.0
http://wikidata.dbpedia.org/ontology/River,1.0
http://wikidata.dbpedia.org/ontology/Road,1.0
http://wikidata.dbpedia.org/ontology/RoadJunction,1.0
http://wikidata.dbpedia.org/ontology/RoadTunnel,1.0
http://wikidata.dbpedia.org/ontology/Rocket,1.0
http://wikidata.dbpedia.org/ontology/RollerCoaster,1.0
http://wikidata.dbpedia.org/ontology/RouteOfTransportation,1.0
http://wikidata.dbpedia.org/ontology/Rower,1.0
http://wikidata.dbpedia.org/ontology/Royalty,0.9999119795792624
http://wikidata.dbpedia.org/ontology/RugbyClub,1.0
http://wikidata.dbpedia.org/ontology/RugbyLeague,1.0
http://wikidata.dbpedia.org/ontology/RugbyPlayer,1.0
http://wikidata.dbpedia.org/ontology/Saint,1.0
http://wikidata.dbpedia.org/ontology/Satellite,1.0
http://wikidata.dbpedia.org/ontology/School,1.0
http://wikidata.dbpedia.org/ontology/Scientist,1.0
http://wikidata.dbpedia.org/ontology/ScreenWriter,1.0
http://wikidata.dbpedia.org/ontology/Sea,1.0
http://wikidata.dbpedia.org/ontology/Senator,1.0
http://wikidata.dbpedia.org/ontology/Settlement,0.9999979072492885
http://wikidata.dbpedia.org/ontology/Ship,1.0
http://wikidata.dbpedia.org/ontology/ShoppingMall,1.0
http://wikidata.dbpedia.org/ontology/Singer,1.0
http://wikidata.dbpedia.org/ontology/Single,0.9998996709206196
http://wikidata.dbpedia.org/ontology/SiteOfSpecialScientificInterest,1.0
http://wikidata.dbpedia.org/ontology/Skater,1.0
http://wikidata.dbpedia.org/ontology/SkiArea,1.0
http://wikidata.dbpedia.org/ontology/Skier,1.0
http://wikidata.dbpedia.org/ontology/Skyscraper,1.0
http://wikidata.dbpedia.org/ontology/SnookerChamp,1.0
http://wikidata.dbpedia.org/ontology/SnookerPlayer,1.0
http://wikidata.dbpedia.org/ontology/SnookerWorldRanking,1.0
http://wikidata.dbpedia.org/ontology/SoapCharacter,1.0
http://wikidata.dbpedia.org/ontology/SoccerClub,1.0
http://wikidata.dbpedia.org/ontology/SoccerClubSeason,0.9997888290571217
http://wikidata.dbpedia.org/ontology/SoccerLeague,1.0
http://wikidata.dbpedia.org/ontology/SoccerManager,1.0
http://wikidata.dbpedia.org/ontology/SoccerPlayer,1.0
http://wikidata.dbpedia.org/ontology/SoccerTournament,1.0
http://wikidata.dbpedia.org/ontology/SocietalEvent,1.0
http://wikidata.dbpedia.org/ontology/SoftballLeague,1.0
http://wikidata.dbpedia.org/ontology/Software,1.0
http://wikidata.dbpedia.org/ontology/SolarEclipse,1.0
http://wikidata.dbpedia.org/ontology/Song,1.0
http://wikidata.dbpedia.org/ontology/SpaceShuttle,1.0
http://wikidata.dbpedia.org/ontology/SpaceStation,1.0
http://wikidata.dbpedia.org/ontology/Spacecraft,1.0
http://wikidata.dbpedia.org/ontology/Species,1.0
http://wikidata.dbpedia.org/ontology/SpeedwayLeague,1.0
http://wikidata.dbpedia.org/ontology/SpeedwayRider,1.0
http://wikidata.dbpedia.org/ontology/SpeedwayTeam,1.0
http://wikidata.dbpedia.org/ontology/Sport,1.0
http://wikidata.dbpedia.org/ontology/SportCompetitionResult,1.0
http://wikidata.dbpedia.org/ontology/SportFacility,1.0
http://wikidata.dbpedia.org/ontology/SportsEvent,1.0
http://wikidata.dbpedia.org/ontology/SportsLeague,1.0
http://wikidata.dbpedia.org/ontology/SportsManager,1.0
http://wikidata.dbpedia.org/ontology/SportsSeason,0.9999506245988249
http://wikidata.dbpedia.org/ontology/SportsTeam,1.0
http://wikidata.dbpedia.org/ontology/SportsTeamMember,1.0
http://wikidata.dbpedia.org/ontology/SportsTeamSeason,0.9999466652444066
http://wikidata.dbpedia.org/ontology/SquashPlayer,1.0
http://wikidata.dbpedia.org/ontology/Stadium,1.0
http://wikidata.dbpedia.org/ontology/Star,1.0
http://wikidata.dbpedia.org/ontology/Station,1.0
http://wikidata.dbpedia.org/ontology/Stream,1.0
http://wikidata.dbpedia.org/ontology/SumoWrestler,1.0
http://wikidata.dbpedia.org/ontology/SupremeCourtOfTheUnitedStatesCase,1.0
http://wikidata.dbpedia.org/ontology/Surname,1.0
http://wikidata.dbpedia.org/ontology/Swimmer,1.0
http://wikidata.dbpedia.org/ontology/TableTennisPlayer,1.0
http://wikidata.dbpedia.org/ontology/TelevisionEpisode,1.0
http://wikidata.dbpedia.org/ontology/TelevisionHost,1.0
http://wikidata.dbpedia.org/ontology/TelevisionSeason,0.9997347480106101
http://wikidata.dbpedia.org/ontology/TelevisionShow,0.9998707375714175
http://wikidata.dbpedia.org/ontology/TelevisionStation,1.0
http://wikidata.dbpedia.org/ontology/TennisLeague,1.0
http://wikidata.dbpedia.org/ontology/TennisPlayer,1.0
http://wikidata.dbpedia.org/ontology/TennisTournament,1.0
http://wikidata.dbpedia.org/ontology/Theatre,1.0
http://wikidata.dbpedia.org/ontology/TimePeriod,1.0
http://wikidata.dbpedia.org/ontology/TopicalConcept,1.0
http://wikidata.dbpedia.org/ontology/Tournament,1.0
http://wikidata.dbpedia.org/ontology/Tower,1.0
http://wikidata.dbpedia.org/ontology/Town,1.0
http://wikidata.dbpedia.org/ontology/TradeUnion,1.0
http://wikidata.dbpedia.org/ontology/Train,1.0
http://wikidata.dbpedia.org/ontology/Tunnel,1.0
http://wikidata.dbpedia.org/ontology/UnitOfWork,1.0
http://wikidata.dbpedia.org/ontology/University,1.0
http://wikidata.dbpedia.org/ontology/Valley,1.0
http://wikidata.dbpedia.org/ontology/Vein,1.0
http://wikidata.dbpedia.org/ontology/Venue,1.0
http://wikidata.dbpedia.org/ontology/VideoGame,1.0
http://wikidata.dbpedia.org/ontology/VideogamesLeague,1.0
http://wikidata.dbpedia.org/ontology/Village,1.0
http://wikidata.dbpedia.org/ontology/VoiceActor,1.0
http://wikidata.dbpedia.org/ontology/Volcano,1.0
http://wikidata.dbpedia.org/ontology/VolleyballCoach,1.0
http://wikidata.dbpedia.org/ontology/VolleyballLeague,1.0
http://wikidata.dbpedia.org/ontology/VolleyballPlayer,1.0
http://wikidata.dbpedia.org/ontology/WaterRide,1.0
http://wikidata.dbpedia.org/ontology/WaterwayTunnel,1.0
http://wikidata.dbpedia.org/ontology/Weapon,1.0
http://wikidata.dbpedia.org/ontology/Website,1.0
http://wikidata.dbpedia.org/ontology/Wikidata:Q11424,1.0
http://wikidata.dbpedia.org/ontology/WineRegion,1.0
http://wikidata.dbpedia.org/ontology/Winery,1.0
http://wikidata.dbpedia.org/ontology/WinterSportPlayer,1.0
http://wikidata.dbpedia.org/ontology/WomensTennisAssociationTournament,1.0
http://wikidata.dbpedia.org/ontology/Work,0.9999657717402931
http://wikidata.dbpedia.org/ontology/WorldHeritageSite,1.0
http://wikidata.dbpedia.org/ontology/Wrestler,1.0
http://wikidata.dbpedia.org/ontology/WrestlingEvent,1.0
http://wikidata.dbpedia.org/ontology/Writer,1.0
http://wikidata.dbpedia.org/ontology/WrittenWork,1.0
http://wikidata.dbpedia.org/ontology/Year,1.0
http://wikidata.dbpedia.org/ontology/YearInSpaceflight,1.0
http://www.w3.org/2003/01/geo/wgs84/pos#SpatialThing,0.9887206724768132
http://www.w3.org/2004/02/skos/core#Concept,0.9982092445329692
http://xmlns.com/foaf/0.1/Document,0.0
http://xmlns.com/foaf/0.1/Organization,0.9967462039045553
http://xmlns.com/foaf/0.1/Person,0.8509391186764459
